2;0;0;0.031197;-0.0500338;0;-0
2;0;0;0.0314673;-0.0539553;0;-0
2;0;0;0.0313552;-0.0559031;0;-0
2;0;0;0.0314798;-0.0563719;0;-0
2;0;0;0.0328898;-0.0558387;0;-0
2;0;0;0.0347273;-0.0541989;0;-0
2;0;0;0.0383067;-0.0548237;0;-0
2;0;0;0.0330245;-0.0552956;0;-0
2;0;0;0.0300704;-0.055027;0;-0
2;0;0;0.0317003;-0.055127;0;-0
2;0;0;0.033996;-0.0548982;0;-0
2;0;0;0.0380771;-0.0550408;0;-0
2;0;0;0.0367865;-0.0550174;0;-0
2;0;0;0.03379;-0.054996;0;-0
2;0;0;0.0307337;-0.0551387;0;-0
2;0;0;0.0290619;-0.0551059;0;-0
2;0;0;0.0308922;-0.0551605;0;-0
2;0;0;0.031797;-0.0551569;0;-0
2;0;0;0.0321208;-0.0551529;0;-0
2;0;0;0.0307209;-0.0551981;0;-0
2;0;0;0.0313986;-0.05518;0;-0
2;0;0;0.0313811;-0.0536152;0;-0
2;0;0;0.0315511;-0.0516903;0;-0
2;0;0;0.0314962;-0.0481898;0;-0
2;0;0;0.0311259;-0.0480446;0;-0
2;0;0;0.0313123;-0.0493351;0;-0
2;0;0;0.0312921;-0.051945;0;-0
2;0;0;0.031393;-0.0528918;0;-0
2;0;0;0.0313004;-0.054308;0;-0
2;0;0;0.0313524;-0.0532834;0;-0
2;0;0;0.0313855;-0.0555597;0;-0
2;0;0;0.0314406;-0.0562052;0;-0
2;0;0;0.0314714;-0.0549757;0;-0
2;0;0;0.0314553;-0.0556039;0;-0
2;0;0;0.0314458;-0.0540348;0;-0
2;0;0;0.0314471;-0.0554551;0;-0
2;0;0;0.031437;-0.055203;0;-0
2;0;0;0.031452;-0.0550774;0;-0
2;0;0;0.031453;-0.0553943;0;-0
2;0;0;0.0314594;-0.0548488;0;-0
2;0;0;0.0314582;-0.0552958;0;-0
2;0;0;0.0314424;-0.0552192;0;-0
2;0;0;0.0314265;-0.0551636;0;-0
2;0;0;0.0314034;-0.0553134;0;-0
2;0;0;0.0313881;-0.0550913;0;-0
2;0;0;0.0313818;-0.0552171;0;-0
2;0;0;0.0313794;-0.0551512;0;-0
2;0;0;0.0313817;-0.05506;0;-0
2;0;0;0.0313973;-0.0551497;0;-0
2;0;0;0.0314255;-0.0551849;0;-0
2;0;0;0.0314556;-0.0552022;0;-0
2;0;0;0.0314651;-0.0552357;0;-0
2;0;0;0.0314399;-0.0551954;0;-0
2;0;0;0.0313842;-0.0551941;0;-0
2;0;0;0.0313205;-0.0551661;0;-0
2;0;0;0.0312761;-0.0551187;0;-0
2;0;0;0.0312678;-0.0550864;0;-0
2;0;0;0.0312887;-0.0550311;0;-0
2;0;0;0.0313242;-0.0550269;0;-0
2;0;0;0.0313558;-0.0550437;0;-0
2;0;0;0.031379;-0.0550776;0;-0
2;0;0;0.0313992;-0.055116;0;-0
2;0;0;0.0314203;-0.0551079;0;-0
2;0;0;0.0314488;-0.0550813;0;-0
2;0;0;0.0314806;-0.0550342;0;-0
2;0;0;0.0315102;-0.0549847;0;-0
2;0;0;0.0315335;-0.0549677;0;-0
2;0;0;0.0315376;-0.054949;0;-0
2;0;0;0.0315243;-0.0549647;0;-0
2;0;0;0.0314896;-0.0549853;0;-0
2;0;0;0.0314399;-0.0550122;0;-0
2;0;0;0.0313862;-0.0550583;0;-0
2;0;0;0.0313314;-0.0550864;0;-0
2;0;0;0.0312933;-0.05514;0;-0
2;0;0;0.0312744;-0.0551799;0;-0
2;0;0;0.0312866;-0.0552334;0;-0
2;0;0;0.0313214;-0.0552671;0;-0
2;0;0;0.0313658;-0.0552742;0;-0
2;0;0;0.0314002;-0.0552444;0;-0
2;0;0;0.0314145;-0.0551855;0;-0
2;0;0;0.0314129;-0.0551232;0;-0
2;0;0;0.0314079;-0.055071;0;-0
2;0;0;0.0314144;-0.0550461;0;-0
2;0;0;0.031432;-0.0550278;0;-0
2;0;0;0.0314555;-0.0550222;0;-0
2;0;0;0.0314687;-0.0550178;0;-0
2;0;0;0.031489;-0.0565674;0;-0
2;0;0;0.0314672;-0.0569519;0;-0
2;0;0;0.0314799;-0.0601449;0;-0
2;0;0;0.0314159;-0.0587116;0;-0
2;0;0;0.0314032;-0.0592641;0;-0
2;0;0;0.0313525;-0.0562108;0;-0
2;0;0;0.0313424;-0.0544887;0;-0
2;0;0;0.0313789;-0.055184;0;-0
2;0;0;0.0313719;-0.053692;0;-0
2;0;0;0.0314309;-0.0566649;0;-0
2;0;0;0.0313912;-0.0545764;0;-0
2;0;0;0.0313956;-0.0557293;0;-0
2;0;0;0.0313543;-0.0548354;0;-0
2;0;0;0.0313229;-0.0546449;0;-0
2;0;0;0.0313211;-0.0554112;0;-0
2;0;0;0.0313235;-0.0547642;0;-0
2;0;0;0.0313765;-0.0552165;0;-0
2;0;0;0.0314366;-0.0550087;0;-0
2;0;0;0.0314934;-0.054918;0;-0
2;0;0;0.0315321;-0.055261;0;-0
2;0;0;0.0315299;-0.0550738;0;-0
2;0;0;0.0315115;-0.0553072;0;-0
2;0;0;0.0314802;-0.0552786;0;-0
2;0;0;0.0314492;-0.0552144;0;-0
2;0;0;0.0329565;-0.0552557;0;-0
2;0;0;0.0348542;-0.0550909;0;-0
2;0;0;0.0329951;-0.0550964;0;-0
2;0;0;0.0318706;-0.0550605;0;-0
2;0;0;0.0306179;-0.0551101;0;-0
2;0;0;0.0353657;-0.0549417;0;-0
2;0;0;0.0365285;-0.0549265;0;-0
2;0;0;0.0374045;-0.0548797;0;-0
2;0;0;0.0333276;-0.055013;0;-0
2;0;0;0.0311708;-0.0550533;0;-0
2;0;0;0.031208;-0.0550826;0;-0
2;0;0;0.0325541;-0.0550909;0;-0
2;0;0;0.0356171;-0.0550194;0;-0
2;0;0;0.0322223;-0.055092;0;-0
2;0;0;0.0299623;-0.0551296;0;-0
2;0;0;0.0296683;-0.0551213;0;-0
2;0;0;0.0318797;-0.0550493;0;-0
2;0;0;0.0311468;-0.0550631;0;-0
2;0;0;0.0323789;-0.0550238;0;-0
2;0;0;0.0309746;-0.0550613;0;-0
2;0;0;0.0312512;-0.0550758;0;-0
2;0;0;0.0316836;-0.0551046;0;-0
2;0;0;0.031385;-0.0551559;0;-0
2;0;0;0.0318492;-0.0551795;0;-0
2;0;0;0.031373;-0.0551914;0;-0
2;0;0;0.0313632;-0.0551745;0;-0
2;0;0;0.0314442;-0.0551481;0;-0
2;0;0;0.0312632;-0.0551338;0;-0
2;0;0;0.0314523;-0.0551118;0;-0
2;0;0;0.0313248;-0.0550784;0;-0
2;0;0;0.0313547;-0.0550308;0;-0
2;0;0;0.0314165;-0.0549965;0;-0
2;0;0;0.0313571;-0.0550003;0;-0
2;0;0;0.0313831;-0.0550758;0;-0
2;0;0;0.031382;-0.0550863;0;-0
2;0;0;0.0314013;-0.0550778;0;-0
2;0;0;0.0313782;-0.055054;0;-0
2;0;0;0.0314184;-0.0550457;0;-0
2;0;0;0.0314201;-0.0550506;0;-0
2;0;0;0.0314365;-0.055065;0;-0
2;0;0;0.0314518;-0.0550862;0;-0
2;0;0;0.031433;-0.0551067;0;-0
2;0;0;0.0314209;-0.0551285;0;-0
2;0;0;0.031385;-0.0551464;0;-0
2;0;0;0.0313566;-0.0551582;0;-0
2;0;0;0.0313457;-0.0551739;0;-0
2;0;0;0.0313704;-0.0551744;0;-0
2;0;0;0.0313947;-0.0551597;0;-0
2;0;0;0.0314111;-0.0551164;0;-0
2;0;0;0.0314137;-0.0550541;0;-0
2;0;0;0.0329388;-0.0549892;0;-0
2;0;0;0.0348168;-0.0549447;0;-0
2;0;0;0.0383091;-0.0549051;0;-0
2;0;0;0.0399789;-0.0548916;0;-0
2;0;0;0.0390281;-0.0549034;0;-0
2;0;0;0.0364919;-0.0549435;0;-0
2;0;0;0.031714;-0.0550253;0;-0
2;0;0;0.0322241;-0.0550356;0;-0
2;0;0;0.0317793;-0.0550658;0;-0
2;0;0;0.0348556;-0.0550119;0;-0
2;0;0;0.0339085;-0.055041;0;-0
2;0;0;0.0318967;-0.0550553;0;-0
2;0;0;0.0309636;-0.055077;0;-0
2;0;0;0.0292886;-0.0535652;0;-0
2;0;0;0.0311156;-0.0481867;0;-0
2;0;0;0.0319778;-0.046509;0;-0
2;0;0;0.0310163;-0.0459718;0;-0
2;0;0;0.0308498;-0.0466314;0;-0
2;0;0;0.0314329;-0.0479314;0;-0
2;0;0;0.0312199;-0.0488373;0;-0
2;0;0;0.0316108;-0.0509277;0;-0
2;0;0;0.031403;-0.0535914;0;-0
2;0;0;0.031473;-0.0564569;0;-0
2;0;0;0.0313328;-0.0556909;0;-0
2;0;0;0.0314735;-0.0545644;0;-0
2;0;0;0.0314515;-0.0549384;0;-0
2;0;0;0.0314422;-0.0547918;0;-0
2;0;0;0.0315369;-0.0556657;0;-0
2;0;0;0.0314928;-0.0549987;0;-0
2;0;0;0.0314376;-0.0549924;0;-0
2;0;0;0.0313781;-0.0548125;0;-0
2;0;0;0.0313734;-0.055074;0;-0
2;0;0;0.0313318;-0.0549627;0;-0
2;0;0;0.0313476;-0.0549455;0;-0
2;0;0;0.0313521;-0.0550046;0;-0
2;0;0;0.0313568;-0.0549744;0;-0
2;0;0;0.0313813;-0.0551336;0;-0
2;0;0;0.0313837;-0.0551595;0;-0
2;0;0;0.0314026;-0.0552319;0;-0
2;0;0;0.031399;-0.0551859;0;-0
2;0;0;0.0314011;-0.0551882;0;-0
2;0;0;0.0313954;-0.0551391;0;-0
2;0;0;0.0313958;-0.0551083;0;-0
2;0;0;0.0313863;-0.0550765;0;-0
2;0;0;0.0313723;-0.0550372;0;-0
2;0;0;0.0313624;-0.0550351;0;-0
2;0;0;0.0313625;-0.0550514;0;-0
2;0;0;0.0313821;-0.0551005;0;-0
2;0;0;0.0314096;-0.0551479;0;-0
2;0;0;0.0314359;-0.0551734;0;-0
2;0;0;0.0314506;-0.0551787;0;-0
2;0;0;0.0314507;-0.0551727;0;-0
2;0;0;0.031439;-0.0551671;0;-0
2;0;0;0.0314176;-0.0551586;0;-0
2;0;0;0.0313409;-0.0535925;0;-0
2;0;0;0.0312925;-0.0517034;0;-0
2;0;0;0.031227;-0.0482137;0;-0
2;0;0;0.0312263;-0.0480865;0;-0
2;0;0;0.0312534;-0.0493909;0;-0
2;0;0;0.0313274;-0.0535256;0;-0
2;0;0;0.0313823;-0.0564722;0;-0
2;0;0;0.0313848;-0.0563833;0;-0
2;0;0;0.0313875;-0.0559327;0;-0
2;0;0;0.0313638;-0.0538015;0;-0
2;0;0;0.0313972;-0.0548329;0;-0
2;0;0;0.0329433;-0.0548381;0;-0
2;0;0;0.0348425;-0.0554853;0;-0
2;0;0;0.0383358;-0.0552001;0;-0
2;0;0;0.0399936;-0.0546561;0;-0
2;0;0;0.0405788;-0.0549066;0;-0
2;0;0;0.0398843;-0.0533346;0;-0
2;0;0;0.0370102;-0.0517472;0;-0
2;0;0;0.0356758;-0.0482815;0;-0
2;0;0;0.0319076;-0.0465033;0;-0
2;0;0;0.0310437;-0.0460092;0;-0
2;0;0;0.0300856;-0.0466132;0;-0
2;0;0;0.0305309;-0.0479751;0;-0
2;0;0;0.0319513;-0.0473431;0;-0
2;0;0;0.0311753;-0.0475435;0;-0
2;0;0;0.0316718;-0.0467504;0;-0
2;0;0;0.0308295;-0.0486474;0;-0
2;0;0;0.0312273;-0.050751;0;-0
2;0;0;0.0316315;-0.0540693;0;-0
2;0;0;0.0330267;-0.0557804;0;-0
2;0;0;0.0336475;-0.0560204;0;-0
2;0;0;0.0349316;-0.0553407;0;-0
2;0;0;0.0330855;-0.0541272;0;-0
2;0;0;0.0320176;-0.0547597;0;-0
2;0;0;0.0306095;-0.0546999;0;-0
2;0;0;0.0300478;-0.0555391;0;-0
2;0;0;0.031852;-0.055182;0;-0
2;0;0;0.0310236;-0.0550297;0;-0
2;0;0;0.0321314;-0.0551344;0;-0
2;0;0;0.0309226;-0.0550581;0;-0
2;0;0;0.0311531;-0.0553203;0;-0
2;0;0;0.0315122;-0.0552377;0;-0
2;0;0;0.0312466;-0.0551999;0;-0
2;0;0;0.0316966;-0.0552264;0;-0
2;0;0;0.0313441;-0.0551644;0;-0
2;0;0;0.0329203;-0.0551833;0;-0
2;0;0;0.0333872;-0.055118;0;-0
2;0;0;0.034848;-0.0550266;0;-0
2;0;0;0.0331733;-0.0550586;0;-0
2;0;0;0.0319295;-0.0550473;0;-0
2;0;0;0.0306707;-0.0551182;0;-0
2;0;0;0.0300644;-0.0551493;0;-0
2;0;0;0.0319418;-0.0551237;0;-0
2;0;0;0.0311735;-0.0551612;0;-0
2;0;0;0.0321835;-0.0551108;0;-0
2;0;0;0.0309655;-0.0551232;0;-0
2;0;0;0.0311064;-0.0550746;0;-0
2;0;0;0.0314463;-0.0550352;0;-0
2;0;0;0.0312085;-0.0550176;0;-0
2;0;0;0.0316741;-0.0550007;0;-0
2;0;0;0.0313833;-0.0550196;0;-0
2;0;0;0.0314515;-0.0550401;0;-0
2;0;0;0.0315857;-0.0550674;0;-0
2;0;0;0.0314506;-0.0551;0;-0
2;0;0;0.0315907;-0.0551304;0;-0
2;0;0;0.0314372;-0.0551566;0;-0
2;0;0;0.0313962;-0.0551713;0;-0
2;0;0;0.0314012;-0.055184;0;-0
2;0;0;0.0313238;-0.055187;0;-0
2;0;0;0.0313836;-0.0551939;0;-0
2;0;0;0.0313527;-0.0551948;0;-0
2;0;0;0.0313601;-0.0551784;0;-0
2;0;0;0.0313892;-0.0551705;0;-0
2;0;0;0.0313753;-0.0551168;0;-0
2;0;0;0.031418;-0.0550864;0;-0
2;0;0;0.0314204;-0.0550316;0;-0
2;0;0;0.0314356;-0.0550226;0;-0
2;0;0;0.0314514;-0.0550511;0;-0
2;0;0;0.0314382;-0.055096;0;-0
2;0;0;0.031435;-0.0551694;0;-0
2;0;0;0.0314034;-0.0551939;0;-0
2;0;0;0.0313783;-0.0552144;0;-0
2;0;0;0.0313634;-0.0551945;0;-0
2;0;0;0.0313631;-0.0551735;0;-0
2;0;0;0.0313904;-0.0551551;0;-0
2;0;0;0.0314249;-0.0551445;0;-0
2;0;0;0.0314611;-0.0551523;0;-0
2;0;0;0.0314863;-0.0551593;0;-0
2;0;0;0.0314945;-0.0551639;0;-0
2;0;0;0.031492;-0.0551596;0;-0
2;0;0;0.0314766;-0.055145;0;-0
2;0;0;0.0314524;-0.0551294;0;-0
2;0;0;0.0314217;-0.0551134;0;-0
2;0;0;0.0313896;-0.0551031;0;-0
2;0;0;0.0313654;-0.0551028;0;-0
2;0;0;0.031352;-0.0551134;0;-0
2;0;0;0.0313498;-0.0551359;0;-0
2;0;0;0.0313559;-0.0551612;0;-0
2;0;0;0.0313683;-0.0551787;0;-0
2;0;0;0.0313611;-0.0536439;0;-0
2;0;0;0.0313522;-0.0517424;0;-0
2;0;0;0.0313399;-0.0497599;0;-0
2;0;0;0.0313554;-0.0499666;0;-0
2;0;0;0.0314032;-0.0528907;0;-0
2;0;0;0.0314285;-0.0552186;0;-0
2;0;0;0.031445;-0.0570934;0;-0
2;0;0;0.0314056;-0.0557592;0;-0
2;0;0;0.031378;-0.0546687;0;-0
2;0;0;0.0313582;-0.0544515;0;-0
2;0;0;0.0313411;-0.0546272;0;-0
2;0;0;0.0313326;-0.0557;0;-0
2;0;0;0.0312984;-0.0551753;0;-0
2;0;0;0.0312922;-0.0551029;0;-0
2;0;0;0.0328338;-0.0549143;0;-0
2;0;0;0.0332235;-0.0548676;0;-0
2;0;0;0.034881;-0.0551765;0;-0
2;0;0;0.0346242;-0.0550608;0;-0
2;0;0;0.0339007;-0.0550736;0;-0
2;0;0;0.0342611;-0.0550039;0;-0
2;0;0;0.0317506;-0.0534603;0;-0
2;0;0;0.0325316;-0.0516734;0;-0
2;0;0;0.0303659;-0.0482062;0;-0
2;0;0;0.0307413;-0.0465539;0;-0
2;0;0;0.0314636;-0.0459705;0;-0
2;0;0;0.0307943;-0.04665;0;-0
2;0;0;0.0322641;-0.0480184;0;-0
2;0;0;0.0308189;-0.0490142;0;-0
2;0;0;0.0314524;-0.0511649;0;-0
2;0;0;0.0315347;-0.0538367;0;-0
2;0;0;0.0313096;-0.0558333;0;-0
2;0;0;0.0318772;-0.0565781;0;-0
2;0;0;0.0313398;-0.0541792;0;-0
2;0;0;0.0314451;-0.0510759;0;-0
2;0;0;0.0313593;-0.047877;0;-0
2;0;0;0.0311436;-0.0460126;0;-0
2;0;0;0.0313264;-0.0463261;0;-0
2;0;0;0.0311297;-0.0465772;0;-0
2;0;0;0.0311987;-0.0477944;0;-0
2;0;0;0.0312142;-0.0488017;0;-0
2;0;0;0.0311917;-0.0508188;0;-0
2;0;0;0.0313468;-0.0538165;0;-0
2;0;0;0.0313498;-0.0557639;0;-0
2;0;0;0.0314192;-0.0565485;0;-0
2;0;0;0.0314257;-0.0557293;0;-0
2;0;0;0.0313778;-0.0544544;0;-0
2;0;0;0.0314049;-0.0548644;0;-0
2;0;0;0.0313718;-0.0546681;0;-0
2;0;0;0.0314025;-0.0555761;0;-0
2;0;0;0.0313872;-0.0536135;0;-0
2;0;0;0.0313654;-0.0515513;0;-0
2;0;0;0.03133;-0.0481047;0;-0
2;0;0;0.0312898;-0.0462989;0;-0
2;0;0;0.0312647;-0.0460383;0;-0
2;0;0;0.0312615;-0.0481692;0;-0
2;0;0;0.0312707;-0.0513591;0;-0
2;0;0;0.0312869;-0.0542428;0;-0
2;0;0;0.0313077;-0.0560546;0;-0
2;0;0;0.0313166;-0.0558565;0;-0
2;0;0;0.0313501;-0.0555439;0;-0
2;0;0;0.0313808;-0.0544866;0;-0
2;0;0;0.0314422;-0.0550296;0;-0
2;0;0;0.0314857;-0.0549864;0;-0
2;0;0;0.0315141;-0.0555828;0;-0
2;0;0;0.031503;-0.0552736;0;-0
2;0;0;0.0314645;-0.0550569;0;-0
2;0;0;0.0314206;-0.0550957;0;-0
2;0;0;0.0313791;-0.0549737;0;-0
2;0;0;0.0313604;-0.0551403;0;-0
2;0;0;0.0313597;-0.0550614;0;-0
2;0;0;0.0313694;-0.05498;0;-0
2;0;0;0.031384;-0.0549898;0;-0
2;0;0;0.0313893;-0.0549164;0;-0
2;0;0;0.0313959;-0.0550005;0;-0
2;0;0;0.0314029;-0.055019;0;-0
2;0;0;0.0314181;-0.0550525;0;-0
2;0;0;0.0314377;-0.055102;0;-0
2;0;0;0.0314621;-0.0551122;0;-0
2;0;0;0.0313678;-0.0550782;0;-0
2;0;0;0.03136;-0.0550975;0;-0
7;0.00201303;0.135919;0.0314058;-0.0551946;0.0554005;3.74061
7;0.00225017;0.151757;0.0313979;-0.0551579;0.0652907;4.36065
7;0.002619;0.176223;0.0313923;-0.0551058;0.0750871;4.98097
7;0.00684585;0.438341;0.0314259;-0.0550655;0.140148;8.69089
7;0.0076142;0.485233;0.0314373;-0.0550953;0.152451;9.30404
7;0.00843058;0.534254;0.0314428;-0.0551238;0.165125;9.91522
7;0.00935177;0.588818;0.0314342;-0.0551179;0.177699;10.5255
7;0.0113726;0.706438;0.0314017;-0.0550889;0.201757;11.7432
7;0.0123992;0.765918;0.0313845;-0.0550854;0.213173;12.3505
7;0.0136056;0.83557;0.0313686;-0.0550973;0.224402;12.9562
7;0.0147252;0.90001;0.0313553;-0.0551178;0.235607;13.5604
7;0.0159281;0.969307;0.0313253;-0.0536091;0.246505;14.2004
7;0.0172807;1.04723;0.0313271;-0.0532614;0.25773;14.8475
7;0.0185902;1.12278;0.031325;-0.0516458;0.269216;15.5326
7;0.0199869;1.20273;0.0313932;-0.0534642;0.282516;16.1714
7;0.0257074;1.51506;0.0314962;-0.0564098;0.328312;17.9253
7;0.026709;1.56933;0.0314302;-0.0544588;0.342066;18.5354
7;0.028453;1.66327;0.031397;-0.0553168;0.355044;19.1234
7;0.0302306;1.75895;0.0313252;-0.0542719;0.36666;19.7359
7;0.0341256;1.96763;0.0312984;-0.0553607;0.390126;20.9015
7;0.0361725;2.07699;0.0313193;-0.0549738;0.402302;21.494
7;0.0383347;2.19179;0.0313843;-0.0552712;0.415818;22.0782
7;0.0405088;2.30643;0.031432;-0.0548295;0.429997;22.6723
7;0.0474468;2.66518;0.0314068;-0.0550492;0.47236;24.4247
7;0.0498795;2.7908;0.0313603;-0.055211;0.484202;25.0046
7;0.0575915;3.19171;0.0313003;-0.0552084;0.514408;26.7417
7;0.0604356;3.33988;0.0313098;-0.0551625;0.524366;27.3179
7;0.0629007;3.46841;0.031333;-0.0552127;0.534957;27.8916
7;0.0657084;3.61461;0.0313651;-0.0551365;0.546675;28.4658
7;0.0684408;3.75631;0.031412;-0.0551867;0.559911;29.0378
7;0.0713194;3.90459;0.0314607;-0.0551943;0.574804;29.6087
7;0.0743652;4.06008;0.0315067;-0.0551765;0.591193;30.1792
7;0.0773546;4.21111;0.0315416;-0.0551708;0.608586;30.7488
7;0.0909318;4.87165;0.0315082;-0.0550431;0.67886;33.0269
7;0.0945112;5.04473;0.0314558;-0.0550566;0.694746;33.5943
7;0.0979743;5.21143;0.0314032;-0.055064;0.709652;34.1609
7;0.101622;5.38646;0.0313635;-0.0550737;0.723694;34.7264
7;0.105267;5.56093;0.0313474;-0.0550718;0.737385;35.2908
7;0.113223;5.93967;0.0313679;-0.0550464;0.764963;36.4175
7;0.116888;6.11363;0.0313791;-0.0550484;0.779111;36.9793
7;0.120973;6.30703;0.0313755;-0.0550704;0.79302;37.5394
7;0.124871;6.49112;0.0313568;-0.0550995;0.806529;38.0975
7;0.137529;7.08657;0.031319;-0.0551634;0.845231;39.7607
7;0.141804;7.28716;0.0313431;-0.0552098;0.859199;40.3107
7;0.14663;7.5127;0.0313766;-0.0552404;0.874207;40.8592
7;0.150673;7.70085;0.0314129;-0.0552508;0.889884;41.4066
7;0.164891;8.35174;0.0314814;-0.0551412;0.940288;43.0482
7;0.169595;8.56589;0.0314773;-0.0550813;0.957678;43.5964
7;0.174554;8.79069;0.0314353;-0.0535032;0.974765;44.1819
7;0.179548;9.01654;0.0313783;-0.0515791;0.990753;44.8134
7;0.189649;9.47566;0.0312595;-0.0464077;1.01825;46.2823
7;0.194779;9.70977;0.0312526;-0.0458675;1.03099;47.0463
7;0.199993;9.94833;0.03127;-0.0465855;1.04446;47.7899
7;0.205293;10.1912;0.0312899;-0.0479447;1.05824;48.4981
7;0.216241;10.6933;0.0312958;-0.0510115;1.08617;49.81
7;0.221717;10.944;0.031316;-0.0536802;1.10051;50.3724
7;0.227896;11.2167;0.0328645;-0.0556679;1.15273;50.8854
7;0.23374;11.4567;0.0347578;-0.0564216;1.25085;51.3792
7;0.249843;11.9786;0.0383659;-0.0543408;1.61811;52.4379
7;0.259361;12.2634;0.0370839;-0.0547109;1.77039;52.9711
7;0.267956;12.5159;0.0329488;-0.0546535;1.82093;53.5045
7;0.277097;12.7847;0.031551;-0.0556046;1.83703;54.0138
7;0.307852;13.6222;0.035696;-0.0481367;2.05146;55.8622
7;0.319081;13.9153;0.0354516;-0.0478877;2.16591;56.5528
7;0.330346;14.1908;0.0377148;-0.0494517;2.33917;57.2036
7;0.342938;14.484;0.0366046;-0.0519968;2.48262;57.7916
7;0.418588;15.7126;0.04719;-0.0493439;3.71126;60.2753
7;0.43869;16.0134;0.0449196;-0.052569;4.06584;60.8429
7;0.459425;16.3059;0.0421199;-0.0551612;4.34888;61.3468
7;0.481928;16.6099;0.0408087;-0.0538846;4.58117;61.8829
7;0.569755;17.583;0.0519232;-0.0472738;5.77206;63.9549
7;0.601078;17.9039;0.0520091;-0.0539249;6.29468;64.4811
7;0.636452;18.2445;0.0490184;-0.0582731;6.74046;64.9018
7;0.668769;18.5498;0.0393303;-0.0570332;6.91723;65.3523
7;0.830867;19.8982;0.0480221;-0.0499839;8.14401;67.7469
7;0.876606;20.2654;0.047419;-0.0528357;8.50798;68.2938
7;0.918884;20.5939;0.0451191;-0.0597221;8.83729;68.6662
7;0.967395;20.9613;0.0445867;-0.0548468;9.13241;69.1613
7;1.06109;21.6389;0.0473002;-0.052833;9.69554;70.1172
7;1.11053;21.9884;0.0461707;-0.0515296;9.99967;70.6947
7;1.16498;22.3615;0.0486072;-0.0588865;10.3755;71.0869
7;1.2166;22.7053;0.0493315;-0.0524776;10.7537;71.6339
7;1.27176;23.0704;0.0380866;-0.0605384;10.8748;71.9768
7;1.32674;23.4268;0.0458115;-0.0508294;11.1927;72.5616
7;1.44817;24.1909;0.0515234;-0.0532135;11.7124;73.7011
7;1.5046;24.5382;0.0501319;-0.048588;12.0788;74.3381
7;1.56903;24.9231;0.0526521;-0.0593258;12.5052;74.7091
7;1.63266;25.2928;0.0537251;-0.0520606;12.9538;75.263
7;1.77072;26.0715;0.0493615;-0.0468054;13.5671;76.522
7;1.83712;26.444;0.0435765;-0.0404258;13.7877;77.3462
7;1.91238;26.8609;0.0464908;-0.0462765;14.0824;78.0162
7;1.98267;27.2445;0.0475921;-0.0495668;14.4046;78.6025
7;2.05463;27.6304;0.0492531;-0.054136;14.7465;79.0803
7;2.12998;28.0258;0.0516169;-0.058814;15.1417;79.4457
7;2.2066;28.421;0.050339;-0.0533788;15.4987;79.9464
7;2.28947;28.8429;0.0476237;-0.0557682;15.7899;80.3873
7;2.36679;29.2321;0.0458953;-0.0560057;16.0547;80.8199
7;2.44874;29.6387;0.0482485;-0.0589462;16.3647;81.18
7;2.54057;30.0868;0.0484409;-0.063996;16.6844;81.4152
7;2.62153;30.473;0.0549915;-0.0564381;17.1515;81.8371
7;2.70529;30.8684;0.0483798;-0.0517214;17.45;82.3756
7;2.79556;31.2913;0.0477133;-0.0434503;17.7414;83.1126
7;2.88398;31.706;0.0420986;-0.0419057;17.8858;83.8843
7;2.97288;32.1236;0.0397905;-0.0498472;17.9812;84.4575
7;3.06833;32.5667;0.0489876;-0.0529403;18.2994;84.9536
7;3.15809;32.9802;0.0449949;-0.0597272;18.5151;85.2842
7;3.25969;33.4414;0.051512;-0.0524374;18.8989;85.793
7;3.34721;33.8396;0.040317;-0.0482648;18.9931;86.4048
7;3.44462;34.284;0.0399456;-0.0458533;19.0842;87.0731
7;3.53873;34.7147;0.039811;-0.047883;19.1598;87.6921
7;3.63696;35.163;0.0426759;-0.0561498;19.3061;88.106
7;3.7362;35.6119;0.0473781;-0.0565228;19.5657;88.5127
7;3.83443;36.0542;0.0440399;-0.0578096;19.7403;88.8862
7;3.93122;36.4904;0.0404365;-0.0530701;19.8341;89.3743
7;4.08455;37.1827;0.040324;-0.0489538;19.9234;89.9623
7;4.15417;37.497;0.0415474;-0.0500407;20.0519;90.5172
7;4.3427;38.3399;0.0457442;-0.0553621;20.4572;91.4552
7;4.44271;38.7879;0.0388528;-0.0581743;20.4929;91.81
7;4.5459;39.2504;0.0419527;-0.0502501;20.6055;92.3601
7;4.64785;39.7099;0.0380484;-0.0488613;20.6214;92.9417
7;4.75313;40.1852;0.0426939;-0.0413632;20.757;93.7047
7;4.86095;40.6712;0.0435853;-0.0466832;20.9268;94.3288
7;4.96037;41.12;0.0394232;-0.0540338;20.9938;94.7714
7;5.06798;41.6042;0.0431098;-0.0561746;21.1484;95.1633
7;5.17214;42.0735;0.0398149;-0.056695;21.2067;95.5454
7;5.27785;42.5489;0.0447351;-0.047516;21.3806;96.1522
7;5.38596;43.0336;0.0463222;-0.046458;21.5874;96.7823
7;5.49679;43.5305;0.0428115;-0.0486679;21.7155;97.3533
7;5.60374;44.0078;0.0457597;-0.053558;21.9146;97.804
7;5.72981;44.5701;0.0413149;-0.056989;22.0098;98.1686
7;5.82819;45.007;0.0447893;-0.0547932;22.198;98.5841
7;5.93915;45.4967;0.0472305;-0.0526675;22.4431;99.052
7;6.05112;45.9889;0.0456542;-0.0510856;22.647;99.5567
7;6.16762;46.4965;0.0510706;-0.0509773;22.9703;100.067
7;6.28213;46.9937;0.0462403;-0.0509749;23.1608;100.578
7;6.40204;47.5114;0.0490524;-0.0504752;23.4205;101.1
7;6.52303;48.0316;0.04703;-0.0508357;23.6309;101.612
7;6.6478;48.5658;0.0468709;-0.0519108;23.8477;102.094
7;6.76435;49.0596;0.051887;-0.0529028;24.1994;102.545
7;6.88204;49.5558;0.0475934;-0.0520557;24.4369;103.017
7;7.00585;50.0742;0.0496634;-0.0503038;24.724;103.533
7;7.13002;50.5952;0.0415892;-0.0509714;24.7935;104.033
7;7.26203;51.1504;0.0414135;-0.0521806;24.8508;104.507
7;7.3829;51.6588;0.0424249;-0.0561625;24.9331;104.879
7;7.5051;52.1724;0.0435987;-0.0570405;25.0408;105.23
7;7.63867;52.73;0.0489695;-0.055121;25.297;105.621
7;7.76259;53.2457;0.0458516;-0.0548675;25.4762;106.016
7;7.88811;53.7654;0.048463;-0.0515147;25.7211;106.493
7;8.01682;54.297;0.044788;-0.0568521;25.8665;106.841
7;8.15161;54.8531;0.0449175;-0.054071;26.0014;107.263
7;8.28075;55.3855;0.0444858;-0.0540588;26.1202;107.684
7;8.41011;55.9208;0.0415238;-0.0469916;26.1654;108.278
7;8.54105;56.4629;0.0454298;-0.0436349;26.3149;108.948
7;8.69085;57.0851;0.0412283;-0.0462803;26.3729;109.547
7;8.80553;57.5607;0.0455125;-0.0483663;26.5462;110.09
7;8.9468;58.1475;0.0408069;-0.0550968;26.5944;110.47
7;9.07482;58.6802;0.0419769;-0.0500073;26.6721;110.974
7;9.61035;60.9269;0.0433084;-0.049239;26.9706;113.151
7;9.75988;61.5523;0.0478058;-0.0513001;27.1672;113.619
7;9.89308;62.1089;0.0453367;-0.0528038;27.2947;114.051
7;10.024;62.6573;0.0422228;-0.0458629;27.358;114.647
7;10.5828;64.9865;0.046146;-0.0564472;27.9893;116.643
7;10.7275;65.5892;0.0431496;-0.0560124;28.0746;116.983
7;10.8774;66.2125;0.0455977;-0.0553356;28.2253;117.334
7;11.0116;66.772;0.0410877;-0.0529358;28.2395;117.75
7;11.1491;67.3436;0.0489324;-0.0473559;28.4623;118.294
7;11.2924;67.9374;0.0459379;-0.0586816;28.6081;118.561
7;11.4359;68.5313;0.0461508;-0.0527306;28.7527;118.974
7;11.5787;69.1206;0.044177;-0.0601457;28.8683;119.199
7;11.7324;69.7562;0.0428078;-0.0507261;28.9459;119.656
7;11.8724;70.3332;0.0476772;-0.0467873;29.1563;120.203
7;12.028;70.9698;0.0521722;-0.0540777;29.4683;120.571
7;12.1693;71.5447;0.0511782;-0.0526803;29.7303;120.975
7;12.3208;72.1585;0.0472502;-0.067315;29.8799;121.021
7;12.4662;72.751;0.0381143;-0.0533265;29.7858;121.415
7;12.6192;73.3792;0.037198;-0.0478299;29.6963;121.935
7;12.7665;73.9855;0.0447281;-0.0405644;29.811;122.628
7;12.9156;74.5948;0.0527368;-0.043232;30.1489;123.244
7;13.0717;75.2248;0.0570058;-0.0609402;30.578;123.428
7;13.2338;75.8772;0.04597;-0.0628619;30.6996;123.576
7;13.3781;76.4635;0.0325821;-0.0600506;30.4862;123.796
7;13.5268;77.0764;0.0280403;-0.0460938;30.1637;124.361
7;13.682;77.7231;0.0349152;-0.0375077;30.0372;125.131
7;13.8318;78.3441;0.0503293;-0.0493977;30.2949;125.603
7;13.9815;78.9581;0.0567738;-0.0593809;30.6791;125.832
7;14.1382;79.5963;0.0500057;-0.0688862;30.8854;125.827
7;14.2924;80.2256;0.0412313;-0.0589057;30.8952;126.061
7;14.4555;80.898;0.0325037;-0.0474656;30.7125;126.576
7;14.6077;81.5267;0.0413798;-0.0438779;30.7763;127.176
7;14.7582;82.1476;0.0472916;-0.0495854;30.9392;127.65
7;15.0771;83.4451;0.0513916;-0.0593972;31.4861;128.104
7;15.2274;84.0554;0.047172;-0.0547532;31.6256;128.445
7;15.3873;84.7058;0.0445007;-0.0438985;31.7396;129.039
7;15.5447;85.3463;0.0443104;-0.047124;31.8336;129.555
7;15.7311;86.1038;0.0502469;-0.0483773;32.009;130.055
7;15.8695;86.6651;0.0491352;-0.0532939;32.1475;130.432
7;16.0286;87.3077;0.0524428;-0.0525086;32.3885;130.819
7;16.1924;87.9695;0.0447584;-0.0476793;32.4922;131.313
7;16.5165;89.2847;0.0395677;-0.0515225;32.5757;132.152
7;16.6863;89.9757;0.0421057;-0.0552443;32.5459;132.478
7;16.8474;90.6327;0.0445823;-0.0522862;32.5742;132.874
7;17.0208;91.3413;0.0450231;-0.0466089;32.6484;133.399
7;17.3507;92.6875;0.0445527;-0.0494662;32.9396;134.404
7;17.5035;93.3105;0.0479877;-0.0544722;33.0479;134.739
7;17.6682;93.9825;0.0460043;-0.0555909;33.0975;135.044
7;17.8478;94.7153;0.0477865;-0.0487355;33.2164;135.508
7;18.0084;95.3708;0.0455327;-0.0431975;33.329;136.099
7;18.1698;96.0308;0.0433287;-0.0469446;33.4136;136.59
7;18.3522;96.7775;0.0430956;-0.056484;33.4215;136.866
7;18.8431;98.7861;0.0483378;-0.0478666;33.6435;137.65
7;19.0178;99.5024;0.0433927;-0.0451607;33.7076;138.176
7;19.1811;100.174;0.040556;-0.0511816;33.6704;138.562
7;19.3503;100.873;0.0406225;-0.0596457;33.5848;138.751
7;19.6965;102.306;0.0474277;-0.0501647;33.6474;139.272
7;19.8587;102.98;0.0427599;-0.0418279;33.683;139.89
7;20.0285;103.688;0.0411841;-0.0419365;33.6917;140.505
7;20.1935;104.38;0.0387406;-0.0521216;33.5802;140.885
7;20.3585;105.073;0.0455509;-0.0617556;33.6049;141.033
7;20.5286;105.785;0.0501365;-0.0549209;33.7454;141.341
7;20.6983;106.496;0.0482653;-0.0460411;33.8806;141.855
7;20.8658;107.2;0.0407354;-0.0424279;33.8782;142.446
7;21.0525;107.993;0.0328943;-0.054046;33.6382;142.764
7;21.3725;109.361;0.0435565;-0.0676444;33.3853;142.762
7;21.5398;110.075;0.0486993;-0.0561573;33.5152;143.035
7;21.7094;110.799;0.0456673;-0.0420183;33.6442;143.639
7;21.8743;111.507;0.0377355;-0.0464445;33.5675;144.135
7;22.4686;114.069;0.0524694;-0.0612111;33.5269;144.547
7;22.5857;114.571;0.057035;-0.0445;33.8845;145.087
7;22.7239;115.162;0.0460792;-0.0457692;34.0115;145.587
7;22.8926;115.889;0.0384507;-0.0526486;33.9025;145.933
7;23.0611;116.617;0.0380181;-0.0665167;33.7432;145.948
7;23.2359;117.372;0.0482685;-0.0658374;33.8296;145.98
7;23.4045;118.095;0.054808;-0.0492078;34.103;146.413
7;23.5732;118.818;0.0503722;-0.041778;34.3344;147.011
7;24.2559;121.769;0.0521366;-0.0530286;34.2721;148.15
7;24.4362;122.545;0.0539689;-0.0390252;34.571;148.812
7;24.6019;123.262;0.0389985;-0.0386016;34.5119;149.481
7;24.7733;124.013;0.0324696;-0.0490499;34.2357;149.905
7;24.9442;124.766;0.036505;-0.0659803;34.0209;149.92
7;25.125;125.564;0.0462344;-0.0601455;34.0342;150.079
7;25.2874;126.277;0.0531504;-0.0468004;34.277;150.552
7;25.7939;128.553;0.0323252;-0.0647269;33.7505;151.673
7;25.9632;129.313;0.0479041;-0.0636902;33.817;151.736
7;26.1343;130.075;0.0579573;-0.0496137;34.1573;152.134
7;26.3034;130.825;0.0526991;-0.035795;34.4314;152.852
7;27.1858;134.767;0.0573267;-0.0386665;34.6206;154.649
7;27.3462;135.485;0.0449022;-0.0364456;34.6824;155.351
7;27.5184;136.265;0.0324318;-0.0513401;34.3865;155.698
7;28.2162;139.409;0.0482116;-0.0362229;34.7496;156.579
7;28.387;140.187;0.0347111;-0.0394786;34.5397;157.221
7;28.5588;140.975;0.0353181;-0.06086;34.3065;157.346
7;28.7318;141.767;0.0475224;-0.0700073;34.341;157.252
7;29.2776;144.235;0.0430231;-0.0340837;35.1283;158.826
7;29.4343;144.948;0.0387024;-0.0510992;34.9768;159.176
7;29.6081;145.74;0.0448906;-0.0651696;34.9379;159.183
7;29.7822;146.527;0.0578707;-0.0626203;35.2076;159.25
7;30.3271;148.991;0.0374463;-0.0509925;35.5108;160.595
7;30.4967;149.762;0.0388071;-0.0667102;35.3434;160.558
7;30.6867;150.62;0.0550477;-0.0655934;35.5454;160.556
7;30.8575;151.385;0.0609839;-0.046172;35.9503;161.018
7;32.3033;157.986;0.0339483;-0.0579469;35.9438;164.09
7;32.4733;158.762;0.0447017;-0.0727762;35.8887;163.92
7;32.6526;159.578;0.0524443;-0.0632139;36.0405;163.977
7;32.8378;160.414;0.0571834;-0.0485644;36.3863;164.377
7;33.018;161.23;0.0460143;-0.0384919;36.4574;165.024
7;33.1988;162.053;0.0398868;-0.0512032;36.332;165.366
7;34.2722;167.071;0.0380916;-0.0685322;35.7033;166.918
7;34.455;167.926;0.0467129;-0.0626796;35.7083;166.982
7;34.6318;168.749;0.0550372;-0.0463419;35.9935;167.431
7;35.1656;171.295;0.0310851;-0.0642747;35.3412;168.602
7;35.3393;172.128;0.0380254;-0.0681273;35.1328;168.529
7;35.513;172.963;0.0437971;-0.0538388;35.1283;168.796
7;35.6914;173.828;0.035647;-0.0375347;34.9611;169.463
7;35.8681;174.692;0.0339769;-0.0482734;34.7219;169.871
7;36.0365;175.525;0.0338823;-0.0583606;34.4068;170.049
7;36.5486;178.093;0.0366716;-0.0350078;34.1226;171.154
7;36.717;178.942;0.0401098;-0.0479391;34.0547;171.56
7;36.8899;179.818;0.0391819;-0.0579211;33.8818;171.739
7;37.0588;180.675;0.0444815;-0.0658741;33.8343;171.71
7;37.7383;184.191;0.0368672;-0.0524734;33.4647;173.153
7;37.8974;185.014;0.0463394;-0.0655166;33.4704;173.134
7;38.0709;185.912;0.0435527;-0.0562244;33.4828;173.333
7;38.2313;186.747;0.0389748;-0.0369335;33.4012;173.999
7;39.2273;192.038;0.0350713;-0.0489832;33.0965;175.791
7;39.3891;192.91;0.0313177;-0.0447836;32.7148;176.271
7;39.5528;193.8;0.0321963;-0.0687468;32.3719;176.149
7;40.0335;196.464;0.035533;-0.0582342;31.8321;176.392
7;40.1926;197.355;0.0365242;-0.053404;31.5493;176.659
7;41.6886;206.322;0.0321586;-0.0580757;29.9498;179.522
7;41.8374;207.211;0.0515378;-0.0590501;30.0988;179.671
7;41.9896;208.122;0.0426588;-0.0668391;30.0032;179.632
7;42.1456;209.054;0.0516025;-0.0532717;30.0938;179.937
7;43.0647;214.549;0.0352625;-0.0369721;30.7028;183.548
7;43.2221;215.484;0.0595803;-0.0299714;31.0352;184.378
7;43.8655;219.177;0.0493407;-0.0503185;32.3741;185.804
7;44.1065;220.544;0.0627823;-0.0473819;32.8159;186.188
7;44.2082;221.118;0.0517358;-0.0697994;32.9604;186.043
7;45.1694;226.672;0.0366477;-0.0594026;32.2962;186.617
7;45.3436;227.692;0.0343075;-0.0509783;31.9282;186.922
7;45.4916;228.562;0.0490631;-0.0415902;31.9023;187.448
7;45.6485;229.49;0.0424042;-0.0543466;31.735;187.659
7;46.1374;232.306;0.0672896;-0.0464773;32.7523;188.67
7;46.3055;233.28;0.0405614;-0.0469539;32.6153;189.099
7;46.463;234.192;0.0556805;-0.0320809;32.8195;189.901
7;46.6432;235.233;0.0588789;-0.0247685;33.0316;190.855
7;46.7949;236.115;0.0475309;-0.0424944;32.924;191.342
7;46.9608;237.066;0.0681116;-0.0659209;33.3289;191.255
7;47.1271;238.025;0.0413836;-0.0830227;33.1112;190.792
7;47.2989;238.999;0.0709072;-0.0624591;33.6595;190.874
7;47.4851;240.062;0.0438605;-0.0434481;33.5411;191.425
7;47.6337;240.914;0.0493284;-0.0352844;33.515;192.162
7;47.7971;241.871;0.0208018;-0.0558482;32.8322;192.356
7;47.9672;242.895;0.0118475;-0.0684883;31.9282;192.226
7;48.2718;244.769;0.0374468;-0.0528846;31.2633;192.351
7;48.4332;245.751;0.0635307;-0.0427954;31.7211;192.877
7;48.5863;246.685;0.0436211;-0.0438978;31.6916;193.403
7;48.7603;247.755;0.0381796;-0.0520695;31.515;193.723
7;48.902;248.635;0.0340221;-0.0597165;31.1916;193.823
7;49.0563;249.592;0.0488136;-0.0763901;31.2088;193.472
7;49.2279;250.643;0.0636097;-0.0704578;31.5429;193.275
7;49.3816;251.586;0.0467404;-0.0681753;31.5015;193.134
7;49.5346;252.543;0.0263491;-0.0462521;30.93;193.562
7;49.6804;253.484;0.0125477;-0.0372091;30.0727;194.216
7;49.8285;254.466;0.0202882;-0.0411641;29.4012;194.78
7;49.9729;255.425;0.0459144;-0.0411377;29.3867;195.338
7;50.1225;256.412;0.0598044;-0.0476664;29.6849;195.71
7;50.2749;257.405;0.0679117;-0.0357965;30.1434;196.366
7;50.4415;258.488;0.0564424;-0.0402727;30.2752;196.922
7;50.5744;259.355;0.0530202;-0.0389362;30.313;197.548
7;50.7309;260.373;0.0555481;-0.0362693;30.4562;198.257
7;50.8821;261.356;0.0565106;-0.0375435;30.5949;198.942
7;51.0368;262.359;0.0590072;-0.0388511;30.794;199.573
7;51.1897;263.36;0.0414958;-0.0549559;30.5228;199.788
7;51.3405;264.354;0.0425748;-0.0619263;30.3141;199.818
7;51.4961;265.397;0.0299028;-0.0557177;29.8225;200.001
7;51.6528;266.456;0.0431493;-0.0425069;29.687;200.512
7;51.7892;267.389;0.036992;-0.0368259;29.3924;201.141
7;51.9335;268.384;0.0397831;-0.0554959;29.1877;201.265
7;52.0819;269.402;0.048986;-0.0812618;29.247;200.739
7;52.23;270.407;0.0548395;-0.0894615;29.4925;200.059
7;52.3815;271.421;0.0611528;-0.0771717;29.8736;199.78
7;52.5234;272.38;0.0407588;-0.0396078;29.6551;200.464
7;52.6713;273.407;0.0241304;-0.028217;28.9751;201.378
7;52.8201;274.475;0.0177921;-0.0307913;28.1738;202.124
7;52.9502;275.427;0.0280325;-0.045919;27.6664;202.46
7;53.088;276.446;0.0373418;-0.0496453;27.4241;202.718
7;53.2225;277.464;0.0292165;-0.0323597;26.8623;203.453
7;53.3566;278.519;0.0129784;-0.0332152;25.9548;204.15
7;53.479;279.518;0.0130742;-0.0387644;25.0718;204.704
7;53.6019;280.544;0.0218807;-0.0613383;24.5372;204.697
7;53.7238;281.556;0.0476516;-0.0587988;24.6617;204.775
7;53.8557;282.661;0.0361282;-0.0561836;24.4586;204.924
7;53.9694;283.621;0.0400351;-0.0392235;24.3383;205.462
7;54.091;284.681;0.0167489;-0.0498831;23.5988;205.73
7;54.2077;285.695;0.0525816;-0.0325927;23.7704;206.418
7;54.3287;286.751;0.044408;-0.0427828;23.7028;206.883
7;54.4446;287.745;0.0697369;-0.0257041;24.2267;207.785
7;54.5653;288.794;0.0373922;-0.0456711;23.9516;208.199
7;54.6845;289.838;0.0403851;-0.0502227;23.8005;208.483
7;54.8122;290.97;0.0323431;-0.0552062;23.5416;208.612
7;54.9281;291.996;0.0433177;-0.0486752;23.6002;208.887
7;55.043;293.001;0.0539142;-0.0379382;23.9273;209.433
7;55.1597;294.038;0.0277837;-0.0448646;23.6153;209.832
7;55.2785;295.105;0.0323956;-0.0385867;23.4137;210.399
7;55.3903;296.142;0.0149678;-0.0342999;22.7522;211.054
7;55.5054;297.214;0.0439705;-0.0223178;22.7734;211.96
7;55.6228;298.313;0.0436701;-0.0297417;22.7229;212.638
7;55.8427;300.411;0.0301323;-0.0583968;22.3066;212.854
7;55.9506;301.474;0.0165373;-0.0506538;21.6246;213.093
7;56.0551;302.534;0.020614;-0.03875;21.0618;213.676
7;56.1595;303.612;0.033647;-0.0251851;20.7775;214.6
7;56.2685;304.755;0.0353918;-0.0384951;20.5237;215.132
7;56.3688;305.808;0.0482694;-0.0336272;20.5557;215.709
7;56.4663;306.855;0.0248053;-0.0406156;20.1168;216.033
7;56.5627;307.91;0.0461979;-0.0234822;17.8234;195.003
7;56.7035;309.495;0.047851;-0.0467726;14.1036;158.801
7;56.7605;310.159;0.0282775;-0.0681973;12.2783;143.042
7;56.8145;310.823;0.0189605;-0.0751122;10.4856;128.941
7;56.8589;311.411;0.0127532;-0.0654378;8.797;116.632
7;56.8939;311.925;0.00654637;-0.042913;7.21679;106.11
7;56.9271;312.457;0.0167603;-0.0338627;6.73284;107.473
7;56.9613;313.071;0.0101257;-0.00641718;6.08115;109.449
7;56.9861;313.57;0.0134606;-0.00649651;5.52603;111.343
7;57.012;314.146;0.0182158;0.00508967;5.12003;113.439
7;57.0379;314.728;0.0337697;-0.021251;5.10524;114.84
7;57.0646;315.292;0.050449;-0.0460439;5.47156;115.631
7;57.0897;315.811;0.042971;-0.0815187;5.04257;104.13
7;57.1118;316.276;0.0368119;-0.0959164;4.44384;93.6315
7;57.1294;316.704;0.0194757;-0.0891094;3.47022;84.511
7;57.1447;317.157;0.0175707;-0.0861445;2.87439;84.8876
7;57.1547;317.57;0.00973908;-0.0701444;2.08016;85.6854
7;57.1591;317.995;-0.00677078;-0.0675258;0.886858;86.5667
7;57.1574;318.431;-0.00849974;-0.018698;-0.346525;88.6558
7;57.1459;318.892;-0.0390346;-0.00718445;-2.27241;91.0112
7;57.1273;319.376;-0.0174097;0.0273478;-3.62006;94.1747
7;57.1273;319.376;-0.0174097;0.0273478;-3.62006;94.1747
7;57.1021;319.848;-0.0284701;0.0022844;-5.16364;96.676
7;57.0723;320.347;0.0013036;-0.000537389;-5.91435;99.0549
7;57.0356;320.9;-0.00276077;-0.0231385;-6.67915;100.839
7;56.9981;321.421;-0.00365252;-0.0345699;-7.37891;102.298
7;56.968;321.832;0.0134142;-0.0298838;-6.8302;93.5389
7;56.9365;322.252;0.00612147;-0.0640052;-6.38431;84.8284
7;56.9365;322.252;0.00612147;-0.0640052;-6.38431;84.8284
7;56.91;322.645;0.0381789;-0.0608674;-5.19239;77.0946
7;56.8471;324.497;-0.0140127;-0.0207482;-1.24948;36.8227
7;56.8395;324.659;-0.00469384;-0.0307466;-1.62502;34.3001
7;56.8222;324.904;-0.0180006;-0.0543451;-2.21424;31.4321
7;56.8137;325.002;-0.0106573;-0.0524578;-2.50968;28.8727
7;56.8027;325.117;-0.00434399;-0.0480985;-2.55367;26.6454
7;56.7907;325.233;-0.00451101;-0.0541721;-2.53466;24.4707
7;56.7804;325.347;0.0135177;-0.0445588;-2.02598;22.7152
7;56.7714;325.453;0.00193622;-0.0555206;-1.78668;20.838
7;56.7653;325.551;0.0148719;-0.0359284;-1.20995;19.5753
7;56.7608;325.641;0.0027994;-0.0394659;-0.926857;18.3003
7;56.7581;325.731;0.0073476;-0.0286637;-0.509871;17.3624
7;56.7577;325.806;0.00610551;-0.0384593;-0.0942294;16.2378
7;56.7646;325.949;0.00763216;-0.0479598;0.671249;13.7864
7;56.7682;326.007;-0.0120308;-0.0627167;0.751422;12.3538
7;56.7747;326.063;0.004154;-0.0520945;1.31742;11.3004
7;56.782;326.114;-0.0168857;-0.0702219;1.40799;9.88802
7;56.7922;326.158;0.00407041;-0.0515225;2.09129;9.04127
7;56.8063;326.202;-0.00537874;-0.0627087;2.57442;7.97367
7;56.8215;326.236;0.00191593;-0.0527397;3.24288;7.21603
7;56.842;326.268;0.0107633;-0.055281;4.14475;6.44146
7;56.8653;326.296;-0.000331323;-0.05658;4.7267;5.67821
7;56.8943;326.322;0.0171668;-0.0439836;5.75826;5.26669
7;56.9252;326.345;-0.00679927;-0.0528318;6.18069;4.64867
7;56.9603;326.368;0.010301;-0.0367874;7.0479;4.44852
7;57.0462;326.406;0.00525085;-0.0402489;8.2589;3.69063
7;57.0877;326.421;0.00484932;-0.0459777;9.00422;3.30408
7;57.1372;326.437;0.0118131;-0.0363044;9.882;3.1757
7;57.1914;326.453;0.0128135;-0.0355468;10.7303;3.05723
7;57.2486;326.468;0.0072341;-0.0299505;11.4167;3.06627
7;57.3126;326.484;0.0121167;-0.0257983;12.1863;3.13853
7;57.375;326.5;0.00281158;-0.0246311;12.707;3.19277
7;57.4414;326.517;0.0140869;-0.0184742;13.4898;3.33952
7;57.4414;326.517;0.0140869;-0.0184742;13.4898;3.33952
7;57.5157;326.534;0.00592749;-0.0235955;14.0161;3.28924
7;57.5832;326.549;0.00692216;-0.0218301;14.5591;3.24701
7;57.6589;326.564;-0.00229733;-0.0300668;14.8336;2.96688
7;57.8126;326.586;-0.00836751;-0.0410012;15.0735;2.12101
7;57.8848;326.593;-0.00721727;-0.0399175;15.2457;1.63084
7;57.9626;326.599;-0.00482758;-0.0459474;15.4904;1.02535
7;58.042;326.602;0.00500141;-0.0381754;15.9495;0.643132
7;58.1321;326.603;0.00908811;-0.0393829;16.4705;0.252767
7;58.2096;326.604;0.0199317;-0.0278226;17.1865;0.151498
7;58.3021;326.605;0.0208938;-0.0241284;17.8423;0.130395
7;58.3953;326.605;0.0134747;-0.0270846;18.2513;0.0333885
7;58.4862;326.606;0.018874;-0.018515;18.7553;0.168796
7;58.58;326.606;0.0084349;-0.0283357;18.9632;0.0710021
7;58.678;326.607;0.0205125;-0.0204972;19.4462;0.193961
7;58.7776;326.609;0.0262035;-0.0179022;20.0166;0.382098
7;58.8851;326.613;0.0173283;-0.0046306;20.3106;0.867665
7;58.9893;326.621;0.0310643;0.00616908;20.9273;1.5534
7;59.0908;326.631;0.0230618;0.00150179;21.3013;2.02874
7;59.2018;326.643;0.0495577;0.00166268;22.2971;2.43318
7;59.3187;326.656;0.0550251;-0.00809029;23.3366;2.53806
7;59.4419;326.668;0.0591855;-0.0132408;24.3724;2.49077
7;59.5692;326.681;0.0698176;-0.00864848;25.5878;2.5577
7;59.7049;326.693;0.0485684;-0.0163596;26.1723;2.41824
7;59.8488;326.705;0.0642765;-0.0174091;27.0964;2.25507
7;59.9765;326.714;0.0555007;-0.0245645;27.7145;1.91226
7;60.1155;326.722;0.0644765;-0.0279486;28.4686;1.489
7;60.2637;326.727;0.0678273;-0.0302724;29.2297;1.0544
7;60.4139;326.73;0.0644402;-0.0321457;29.8053;0.612011
7;60.5628;326.731;0.0642866;-0.0330057;30.3045;0.219092
7;60.7203;326.73;0.0500418;-0.0356023;30.3868;-0.180717
7;60.8711;326.728;0.0532282;-0.0321065;30.5064;-0.443861
7;61.03;326.724;0.0474435;-0.0350969;30.4628;-0.735695
7;61.1853;326.72;0.0565774;-0.0309639;30.6094;-0.882199
7;61.3311;326.715;0.0550041;-0.0312751;30.6753;-0.985983
7;61.4802;326.71;0.0536811;-0.0261247;30.6685;-0.929879
7;61.7905;326.706;0.0483856;-0.0188621;30.4402;-0.40684
7;61.942;326.707;0.0586759;-0.00536002;30.4598;0.215827
7;62.089;326.711;0.0540242;-0.00946633;30.3164;0.706714
7;62.2532;326.718;0.0596232;-0.00204489;30.2617;1.34259
7;62.4166;326.728;0.063732;-0.00184851;33.2833;2.05674
7;66.2087;326.932;0.0662472;-0.0185012;63.3186;3.40084
7;66.5384;326.951;0.0626953;-0.0156611;65.6399;3.82059
7;66.8737;326.972;0.0586146;-0.0197495;67.8082;4.14982
7;67.2566;326.996;0.0609533;-0.0209457;69.9785;4.46315
7;67.6106;327.018;0.0594297;-0.0286415;72.0594;4.59238
7;67.9543;327.04;0.0592283;-0.0323625;74.0767;4.66663
7;68.3455;327.065;0.054786;-0.033091;75.9283;4.75035
7;68.7259;327.088;0.0443578;-0.0337634;77.4584;4.82819
7;69.1233;327.113;0.0409243;-0.037554;78.8368;4.83199
7;69.5332;327.137;0.0374466;-0.0423519;80.0615;4.72609
7;69.9347;327.16;0.0374032;-0.0393032;81.2077;4.70189
7;70.3376;327.183;0.0336177;-0.0386312;74.0638;4.25041
7;70.6645;327.203;0.0279065;-0.0314621;67.4239;4.04425
7;70.9508;327.221;0.0240134;-0.0279773;61.2817;3.96961
7;71.2244;327.241;0.024544;-0.0257087;55.6974;3.98126
7;71.4784;327.261;0.0300596;-0.0245007;50.7254;4.05454
7;71.7197;327.283;0.0338578;-0.0223014;46.2666;4.18996
7;71.9271;327.304;0.0356139;-0.0277003;42.2136;4.19637
7;72.1145;327.323;0.0328777;-0.0368392;38.4168;4.00012
7;72.3025;327.343;0.034638;-0.0403106;34.9646;3.76178
7;72.4662;327.362;0.0350193;-0.0419786;31.7774;3.5362
7;72.5962;327.378;0.038154;-0.0343827;28.9021;3.55709
7;72.746;327.399;0.0351439;-0.0293927;26.1553;3.72436
7;72.8519;327.417;0.0335871;-0.0289054;23.5686;3.91171
7;72.9544;327.436;0.032038;-0.0341955;21.132;3.97323
7;73.0494;327.456;0.031344;-0.0343507;18.8514;4.03567
7;73.1335;327.477;0.0310817;-0.0326626;16.7316;4.14193
7;73.2115;327.5;0.0317916;-0.0286892;14.7782;4.33834
7;73.2781;327.524;0.0321197;-0.02241;12.9715;4.67715
7;73.3309;327.547;0.0313419;-0.0228945;11.2685;4.97114
7;73.3845;327.575;0.0370883;-0.0234026;10.9449;5.72687
7;73.4371;327.607;0.0372942;-0.0293051;10.5679;6.33559
7;73.4882;327.641;0.0382154;-0.0309956;10.1595;6.89391
7;73.5318;327.675;0.0395923;-0.035956;8.71464;6.63809
7;73.5683;327.707;0.0367755;-0.0346881;7.29246;6.43625
7;73.601;327.742;0.0339718;-0.0317418;5.89102;6.32344
7;73.2255;328.044;0.0535724;-0.0454924;-5.79941;4.66527
7;73.1945;328.068;0.0407271;-0.0328785;-6.22622;4.80671
7;73.1582;328.093;0.0252899;-0.0352647;-7.01981;4.89076
7;73.1216;328.118;0.0412269;-0.0354199;-7.39112;4.97558
7;72.5925;328.396;0.0329255;-0.0387094;-11.6561;6.12984
7;72.5372;328.425;0.0371014;-0.0337476;-12.0727;6.2173
7;72.5372;328.425;0.0371014;-0.0337476;-12.0727;6.2173
7;72.4744;328.457;0.0309618;-0.0289934;-12.627;6.41748
7;72.4097;328.49;0.0340404;-0.0231448;-13.0802;6.73884
7;72.3434;328.525;0.0341567;-0.0224052;-13.5088;7.04117
7;72.1218;328.633;0.0376196;-0.0369816;-14.5021;7.06903
7;72.0416;328.671;0.0391387;-0.033321;-14.7342;7.05646
7;71.9748;328.702;0.0359385;-0.0310374;-15.0285;7.08695
7;71.9013;328.737;0.0434789;-0.0317448;-15.1136;7.08045
7;92.1764;337.364;0.0600055;-0.0249901;237.881;101.22
7;93.4926;337.934;0.0580239;-0.0216919;253.89;109.934
7;94.7792;338.498;0.0612325;-0.025667;268.06;117.606
7;96.2152;339.136;0.0574988;-0.0260758;280.451;124.563
7;103.056;339.193;0.0375582;-0.0296647;124.186;1.03891
7;103.55;339.115;0.0215495;-0.0396266;101.791;-16.2283
7;103.964;338.954;0.0317861;-0.0417901;81.711;-31.7353
7;104.277;338.726;0.021556;-0.0469948;62.9034;-45.8378
7;104.527;338.438;0.0253553;-0.051819;50.4401;-58.0628
7;104.721;338.094;0.0307847;-0.0533891;39.0047;-69.0131
7;104.847;337.656;0.0183393;-0.0568588;22.6705;-79.0353
7;105.083;337.302;0.0429526;-0.0594227;45.3919;-67.945
7;105.083;337.302;0.0429526;-0.0594227;45.3919;-67.945
7;105.369;337.052;0.0326657;-0.0485515;65.4499;-57.3855
7;105.794;336.81;0.0477021;-0.0470385;84.0723;-47.8653
7;106.129;336.53;0.0486089;-0.0359219;68.1932;-56.8323
7;106.397;336.206;0.0348792;-0.029013;53.5486;-64.8142
7;106.604;335.84;0.0520548;-0.0322347;40.7524;-72.1869
7;106.765;335.447;0.0350641;-0.0201963;30.9402;-75.7458
7;106.884;335.048;0.0541752;-0.0234307;23.7052;-79.1645
7;106.966;334.632;0.0479145;-0.0188779;16.2427;-82.2274
7;106.996;334.227;0.0410729;-0.024337;6.31532;-84.4461
7;106.985;333.8;0.052141;-0.0353504;-2.32699;-86.8659
7;106.931;333.347;0.0319679;-0.035391;-10.584;-89.0752
7;106.844;332.884;0.0499113;-0.0438936;-17.2837;-91.229
7;106.757;332.433;0.0392698;-0.0463627;-17.9112;-93.8103
7;106.667;331.949;0.0459801;-0.0544142;-17.932;-95.9286
7;106.574;331.423;0.050632;-0.0715053;-17.2094;-97.8738
7;104.33;325.444;0.0493799;-0.0174285;-50.091;-133.452
7;104.131;324.803;0.0485911;-0.0235959;-39.1604;-125.959
7;103.992;324.215;0.0545245;-0.0278742;-28.7703;-121.329
7;103.896;323.635;0.0527876;-0.0386405;-19.3309;-117.269
7;104.65;320.442;0.0576613;-0.0296094;21.4323;-90.7156
7;104.791;320.032;0.0535931;-0.0356636;28.451;-82.8679
7;104.966;319.654;0.0596602;-0.0381693;34.9649;-75.8089
7;105.171;319.304;0.0584526;-0.0424483;40.7359;-69.5232
7;106.607;314.313;0.0460769;-0.0450177;17.8954;-62.1955
7;106.685;314.005;0.0462198;-0.0455761;16.1079;-63.1822
7;106.747;313.652;0.0490163;-0.0443201;11.5321;-65.8063
7;106.779;313.324;0.0492066;-0.0408516;6.50406;-67.9115
7;106.766;312.604;0.0538067;-0.0481126;-1.2523;-71.7919
7;106.201;306.376;0.053086;-0.0426455;-6.63549;-73.0853
7;106.186;306.042;0.0514036;-0.0466789;-3.18427;-70.1176
7;106.187;305.699;0.0531658;-0.0430302;0.278755;-67.3216
7;106.176;305.352;0.0503544;-0.0446554;-2.15717;-70.5109
7;106.16;304.958;0.0479712;-0.0417794;-3.04978;-73.742
7;106.136;304.571;0.0463142;-0.0453756;-4.83618;-76.5364
7;94.3744;310.247;0.0408643;-0.0448844;-83.8176;40.446
7;94.0045;310.474;0.0388858;-0.0484109;-79.7066;48.9918
7;93.6226;310.76;0.0456416;-0.047678;-75.7785;56.6524
7;93.2498;311.085;0.0412499;-0.0552583;-72.8132;63.5894
7;89.1704;316.079;0.0361944;-0.0538172;-90.1884;110.393
7;88.7447;316.623;0.0471671;-0.0507093;-90.4876;115.673
7;88.235;317.219;0.0384333;-0.0528863;-100.186;117.115
7;87.6944;317.808;0.0481717;-0.0499225;-108.64;118.416
7;86.4754;319.002;0.0497197;-0.05062;-122.885;120.428
7;85.7974;319.547;0.0539088;-0.0497448;-138.026;110.78
7;84.9706;320.1;0.0427501;-0.0559118;-151.989;101.799
7;84.1414;320.575;0.0578294;-0.0485872;-164;93.9523
7;83.4564;321.08;0.0395494;-0.0559378;-144.646;106.501
7;82.842;321.651;0.0587669;-0.0479432;-126.728;117.932
7;82.286;322.292;0.0405405;-0.0580401;-111.018;127.916
7;81.8062;322.987;0.0522741;-0.0519656;-96.4139;139.699
7;81.3938;323.73;0.0431186;-0.0526181;-83.4293;150.232
7;81.0312;324.537;0.0441347;-0.0518763;-71.7199;159.663
7;80.6201;325.41;0.0501609;-0.0466976;-76.0125;161.396
7;80.2015;326.26;0.0378594;-0.0540117;-80.248;162.95
7;79.8132;327.023;0.0505245;-0.0484876;-83.6823;164.456
7;79.3853;327.836;0.0363746;-0.0593758;-87.1173;165.501
7;78.9462;328.659;0.0522292;-0.0484515;-90.5763;169.73
7;78.476;329.528;0.0435439;-0.0497205;-93.8941;173.448
7;78.098;336.851;0.0470067;-0.0415781;-12.5734;243.601
7;60.8707;350.751;0.0447459;-0.0367261;-181.171;146.181
7;58.8402;352.186;0.0389694;-0.0503488;-194.052;137.1
7;57.783;352.887;0.0565859;-0.0525008;-200.841;133.246
7;56.8745;353.456;0.0440641;-0.05639;-207.224;129.679
7;55.8105;354.091;0.0648904;-0.0423162;-212.45;126.801
7;54.6972;354.684;0.0524566;-0.0489405;-223.736;119.202
7;49.8271;358.034;0.0448126;-0.0457142;-190.24;130.853
7;49.0331;358.655;0.0590089;-0.0391049;-175.98;137.698
7;41.3892;368.857;0.029504;-0.0400032;-95.0534;126.866
7;40.8718;369.441;0.0309975;-0.0259066;-105.341;118.843
7;40.3288;369.969;0.0274877;-0.0338566;-114.656;111.444
7;39.6933;370.512;0.0467676;-0.0336289;-122.584;104.793
7;36.452;372.256;0.0483188;-0.0380404;-128.216;68.9882
7;35.8486;372.544;0.0473787;-0.0449652;-129.609;61.8188
7;35.1773;372.813;0.0549258;-0.0422447;-133.189;53.3517
7;34.4974;373.041;0.0466108;-0.0396719;-136.641;45.8392
7;25.6502;372.723;0.0527202;-0.0362874;-175.484;-6.30973
7;24.7544;372.678;0.0530698;-0.0341846;-176.602;-8.78042
7;17.1148;370.889;0.0491395;-0.026224;-153.778;-36.0098
7;16.3669;370.698;0.0463324;-0.0254058;-148.865;-37.9689
7;6.64965;364.488;0.0477467;-0.0269944;-107.056;-68.4186
7;-0.206158;355.185;0.0505761;-0.0128514;-62.5256;-84.8489
7;-0.493549;354.775;0.0483205;-0.0139066;-59.6743;-84.9551
7;-1.45737;352.829;0.0396373;-0.0160435;-37.6257;-75.985
7;-3.10819;348.242;0.0504122;-0.0143416;-30.1597;-83.7959
7;-3.24087;347.841;0.0403985;-0.0149344;-27.458;-82.9728
7;-3.38299;347.375;0.0426988;-0.0137837;-25.0211;-82.1981
7;-3.48414;347.014;0.0418645;-0.0165003;-22.9053;-81.558
7;-3.59355;346.592;0.0347935;-0.0208597;-20.9764;-80.8927
7;-3.67257;346.211;0.0402644;-0.0229941;-15.7781;-76.237
7;-3.72514;345.875;0.0360297;-0.0178111;-11.2516;-71.927
7;-3.79469;345.488;0.0345891;-0.0172198;-13.6694;-76.01
7;-3.42209;338.899;0.0326595;-0.0287043;3.1025;-54.8661
7;-3.41497;338.618;0.0398405;-0.0263787;1.42204;-56.0023
7;-3.40708;338.34;0.0337649;-0.0343209;1.55005;-54.7663
7;-3.39859;338.079;0.0378251;-0.0270811;1.73906;-53.4863
7;-3.46777;335.324;0.0314997;-0.0333119;-0.919955;-36.6239
7;-3.47206;335.141;0.036331;-0.032509;-0.850636;-36.4573
7;-3.43163;334.672;0.0364581;-0.0249335;2.61335;-30.3103
7;-3.44292;333.036;0.0297276;-0.0258127;-0.150306;-21.7755
7;-3.45055;332.845;0.0329621;-0.0332117;-0.79891;-20.0169
7;-4.27273;330.75;0.0383163;-0.0315027;-7.43655;-18.9516
7;-5.01775;329.927;0.0347634;-0.0357724;-16.5411;-18.279
7;-5.18285;329.755;0.0358329;-0.033852;-16.9998;-17.6208
7;-5.267;329.671;0.0388153;-0.0307179;-17.1322;-17.2746
7;-5.35422;329.586;0.0402598;-0.029942;-17.1966;-16.6916
7;-6.02692;328.917;0.0380321;-0.0292929;-16.7172;-16.6187
7;-7.04425;327.41;0.0404572;-0.0301546;-13.5832;-20.1268
7;-7.86374;326.555;0.0314415;-0.0270816;-20.471;-21.3415
7;-8.83341;325.394;0.038905;-0.0301524;-17.5715;-21.0416
7;-9.16982;325.063;0.0341784;-0.0304112;-22.0395;-21.7194
7;-10.0256;324.397;0.0487952;-0.0279563;-28.4499;-22.1143
7;-10.1601;324.284;0.0512523;-0.027597;-27.2144;-23.0144
7;-10.2873;324.168;0.0493354;-0.0287212;-26.1505;-23.8448
7;-12.5119;322.561;0.0337759;-0.0355513;-33.9684;-24.5279
7;-13.1828;322.087;0.0465559;-0.0346457;-34.3154;-24.2659
7;-13.3481;321.97;0.0407878;-0.0342696;-33.4347;-23.6555
7;-13.6722;321.742;0.0359641;-0.0300013;-31.9001;-22.3972
7;-14.4057;321.177;0.0387602;-0.0312626;-29.4066;-22.6706
7;-14.5469;321.069;0.0381003;-0.03312;-28.3808;-21.7201
7;-14.8555;320.84;0.0329231;-0.0376842;-29.2178;-21.7097
7;-15.7831;320.212;0.0394486;-0.0380946;-30.9879;-20.9697
7;-16.666;319.563;0.0406066;-0.0270232;-29.5238;-21.7002
7;-16.7999;319.465;0.0414686;-0.0272051;-28.175;-20.7049
7;-16.9341;319.366;0.04111;-0.0259339;-26.969;-19.7726
7;-17.6065;318.877;0.0297851;-0.0284014;-26.2505;-19.1076
7;-17.7249;318.793;0.0402373;-0.0271514;-26.4158;-18.7697
7;-17.8582;318.7;0.0375623;-0.0309994;-26.6329;-18.5705
7;-18.491;318.067;0.0475594;-0.0354878;-20.8254;-20.838
7;-18.59;317.964;0.0481003;-0.031743;-21.1964;-21.9001
7;-19.4933;316.974;0.0375351;-0.0282864;-17.786;-19.5067
7;-19.5665;316.895;0.0430083;-0.0279081;-17.0199;-18.3075
7;-19.6482;316.809;0.0395689;-0.030953;-16.4182;-17.3101
7;-20.555;315.783;0.0320013;-0.0290128;-22.6522;-25.6187
7;-20.6709;315.661;0.0350799;-0.0276405;-22.9947;-24.3037
7;-20.7947;315.538;0.0354022;-0.0262128;-23.3082;-23.0812
7;-22.0317;314.162;0.0356594;-0.0345831;-22.3697;-24.8797
7;-22.1381;314.052;0.0353977;-0.0356449;-24.0006;-24.9399
7;-22.4526;313.749;0.0348938;-0.0337048;-20.9107;-20.1501
7;-24.8451;312.026;0.0459798;-0.0339266;-22.7255;-16.3605
4;-26.0779;311.115;0.0418099;-0.0309309;-27.4001;-20.2516
4;-26.2032;311.019;0.0401562;-0.0279121;-24.1692;-18.6037
4;-27.0916;310.434;0.0391087;-0.0405333;-24.7778;-16.2983
4;-27.8674;309.955;0.0348053;-0.0383378;-17.3527;-10.7184
4;-28.8155;309.492;0.0341079;-0.0307443;-13.6473;-6.66934
4;-29.1284;309.32;0.0403998;-0.0263265;-15.4005;-8.46151
4;-29.5334;309.027;0.0384957;-0.0269138;-16.2265;-11.7275
4;-29.6789;307.865;0.0367954;-0.0374172;-0.90871;-7.25945
4;-29.6762;307.83;0.0372306;-0.0350993;0.525057;-6.85099
4;-29.6667;307.795;0.0353152;-0.0320686;1.76313;-6.40964
4;-29.6533;307.766;0.0302764;-0.0325592;2.72995;-6.02749
4;-29.6417;307.729;0.0293407;-0.0327146;2.33555;-7.36962
4;-29.37;306.802;0.032312;-0.0343301;3.61439;-12.3286
4;-29.3534;306.74;0.0311868;-0.0331545;3.3174;-12.5144
4;-29.3031;306.558;0.024593;-0.0333168;3.44498;-12.4198
4;-28.8528;306;0.0355319;-0.0313574;7.45123;-9.24391
4;-28.8095;305.956;0.0330368;-0.0315756;8.6443;-8.71119
4;-28.764;305.918;0.0361246;-0.0322094;9.80371;-8.24553
4;-28.7087;305.878;0.0424611;-0.0336014;11.0087;-7.85728
4;-26.5615;305.389;0.0428418;-0.0383169;23.8408;-5.43068
4;-16.0425;308.229;0.038088;-0.0334375;26.9144;7.26632
4;-15.9073;308.269;0.0358699;-0.0339313;27.9796;8.23038
4;-15.7658;308.31;0.0356522;-0.0340345;27.6293;8.09161
4;-15.6313;308.349;0.0317742;-0.0373351;27.2179;7.8854
4;-14.7023;308.688;0.0309626;-0.031157;26.4033;9.61566
4;-10.8085;309.584;0.0388392;-0.0333647;31.1644;7.17862
4;-10.3362;309.669;0.0393175;-0.0345025;30.5914;5.50469
3;-7.79053;310.26;0.0324892;-0.0389157;39.2941;9.10853
3;-6.36654;310.626;0.0275794;-0.0412661;47.3653;12.1735
3;-6.12929;310.684;0.0323129;-0.0350029;47.6793;11.8205
3;-3.18681;310.859;0.0347188;-0.0400396;27.9789;1.65898
3;-3.03916;310.868;0.0404883;-0.0374302;29.2018;1.7424
3;-2.89211;310.877;0.0383735;-0.0353478;30.2329;1.87082
3;-2.72938;310.887;0.0406443;-0.0341795;31.1984;2.01835
3;1.216;311.838;0.0316403;-0.0290513;33.951;8.17773
3;1.33508;311.865;0.0278118;-0.0309531;30.5009;7.04038
3;1.46928;311.895;0.0314097;-0.0299747;27.5011;6.04754
3;2.73853;312.08;0.035704;-0.0391198;21.0978;3.08598
3;3.78631;312.326;0.0311375;-0.0355706;20.9356;4.91317
3;3.8955;312.357;0.0363767;-0.0325635;21.4594;6.07334
3;3.99007;312.375;0.0350462;-0.03291;18.8848;3.63226
3;4.07186;312.383;0.0332494;-0.0269012;16.5433;1.58802
3;5.06822;312.499;0.0314117;-0.0334954;9.96198;1.15774
3;5.11856;312.508;0.0379125;-0.0316701;9.83143;1.78174
3;5.16926;312.523;0.0327906;-0.0277309;9.66233;2.91367
3;5.21534;312.542;0.0374269;-0.0277133;9.63105;3.92776
3;6.02118;313.984;0.0383648;-0.0252651;3.73047;6.67417
3;7.12886;314.145;0.0309332;-0.0247131;13.1142;1.90968
3;7.56985;314.194;0.0348387;-0.031286;14.4607;1.6102
3;8.30674;314.333;0.04145;-0.024704;13.439;2.52801
3;8.36722;314.34;0.0367217;-0.0302751;12.6838;1.51853
3;8.42885;314.343;0.0375112;-0.0324834;12.0372;0.552058
3;8.4897;314.346;0.0385787;-0.038899;12.228;0.636548
3;8.55215;314.35;0.0348691;-0.0388893;12.3127;0.710776
3;8.6183;314.355;0.0407206;-0.0314688;12.5283;0.954361
3;8.68184;314.355;0.0339876;-0.0343431;12.183;-0.008497
3;8.68184;314.355;0.0339876;-0.0343431;12.183;-0.008497
3;11.2897;314.838;0.043748;-0.0218258;14.5085;2.69196
3;11.8326;315.153;0.0384462;-0.0355428;21.642;12.5218
3;12.5381;315.045;0.0334038;-0.0383322;17.6358;-2.68282
3;13.6333;315.253;0.0365314;-0.0381893;27.2283;5.17538
3;13.8321;315.233;0.0368554;-0.0380443;19.8453;-2.08871
3;14.3024;314.971;0.035007;-0.0399107;15.6274;-8.69062
3;14.4872;314.727;0.0326702;-0.0325626;9.33589;-12.315
3;20.1803;311.806;0.0326927;-0.0260675;25.2644;-12.9656
3;21.7249;311.303;0.0346416;-0.037186;30.7245;-10.0009
3;22.0977;311.149;0.0386106;-0.0269874;24.6285;-10.1575
3;22.8324;311.108;0.0361158;-0.0312467;29.6253;-1.65702
3;25.0146;310.567;0.0302763;-0.0321076;28.9564;-7.17228
3;25.1603;310.539;0.0281274;-0.0355585;30.8665;-6.0666
3;25.3183;310.503;0.028365;-0.0411227;31.5667;-7.08848
3;26.1452;310.161;0.0272364;-0.0300785;27.5021;-11.4
3;27.5757;309.984;0.0345473;-0.0371725;35.0077;-4.33111
3;29.1112;309.526;0.0334574;-0.0316812;34.733;-10.3472
3;29.2925;309.479;0.0349515;-0.0320068;35.9763;-9.33674
3;29.9806;309.155;0.0252143;-0.0305473;27.3927;-12.8892
3;30.1212;309.09;0.0279426;-0.0342686;28.2435;-13.1485
3;30.2677;309.023;0.0306733;-0.0330852;29.0684;-13.3554
3;31.2041;308.461;0.0260258;-0.0386993;31.1308;-18.6713
3;31.9095;308.105;0.0287808;-0.0313898;35.2722;-17.7767
3;32.2862;307.927;0.0320262;-0.0216283;36.556;-17.3629
3;33.7713;307.172;0.0377182;-0.0367909;33.0075;-16.7765
3;34.4435;306.83;0.0383747;-0.0369666;34.157;-17.3699
3;35.0605;306.525;0.0358158;-0.0287958;36.4845;-18.0218
3;35.3625;306.377;0.0164728;-0.025937;36.5808;-17.9569
3;36.3386;305.739;0.03154;-0.0300839;38.3902;-25.0952
3;36.9161;305.442;0.0419295;-0.0367642;39.4095;-20.2681
3;37.1113;305.355;0.043161;-0.0328675;39.7316;-17.6025
3;37.2991;305.254;0.036051;-0.0332641;36.9194;-19.9739
3;37.4701;305.144;0.0340357;-0.0301721;34.353;-22.0307
3;38.0711;304.671;0.0298301;-0.03098;29.9801;-23.5887
3;39.07;303.999;0.0271037;-0.0282848;32.8216;-22.0777
3;40.1809;303.402;0.0311688;-0.0398761;37.5733;-20.1951
3;41.1407;302.919;0.0292115;-0.0306534;38.2065;-19.2196
3;42.2786;302.312;0.0355937;-0.0284508;32.2827;-17.2426
3;42.4318;302.229;0.0366533;-0.0301724;31.8097;-17.1586
3;42.6042;302.147;0.0365978;-0.0287421;34.2098;-16.2167
3;46.6336;300.344;0.0297798;-0.0385323;38.2149;-17.1015
3;47.2547;300.162;0.0328775;-0.0259326;41.7871;-12.2433
3;47.4643;300.107;0.0274726;-0.0285201;43.5284;-11.5166
3;47.6893;300.052;0.032245;-0.029664;45.2223;-10.8768
3;51.8821;298.535;0.030991;-0.0317906;43.8644;-15.879
3;52.1026;298.467;0.0272388;-0.0404678;46.8717;-14.389
3;53.0033;298.109;0.0366838;-0.0350287;45.3634;-18.0171
3;53.22;298.003;0.0347367;-0.0415105;42.4573;-20.7294
3;53.8099;297.792;0.0328428;-0.0333124;39.1381;-14.0435
3;56.5077;297.134;0.0344245;-0.032653;59.8981;-14.597
3;57.9354;296.575;0.0330545;-0.0307057;46.8161;-18.3327
3;58.138;296.503;0.0285281;-0.0248874;44.5903;-15.9451
3;58.3516;296.434;0.0311501;-0.0237216;42.6419;-13.7839
3;59.29;296.273;0.0346886;-0.0224696;62.3926;-10.6772
3;60.0054;296.153;0.0357548;-0.031364;67.749;-11.3642
3;60.3336;296.091;0.0330136;-0.0382535;67.707;-12.9166
3;60.6504;296.023;0.0390907;-0.0437712;67.8088;-14.4673
3;60.9963;295.958;0.0411817;-0.0350322;69.053;-13.0604
3;62.7337;295.583;0.0365629;-0.0456282;62.9891;-13.5749
3;69.7975;295.183;0.0348012;-0.0268955;65.6284;-3.71955
3;73.5406;294.817;0.0291539;-0.0296772;62.2859;-6.07852
3;75.5612;294.605;0.03685;-0.0376497;56.8858;-5.99463
3;75.8092;294.573;0.0343937;-0.0437996;54.9732;-6.99502
3;76.0958;294.541;0.03891;-0.038855;55.8088;-6.28058
3;76.3593;294.514;0.0319328;-0.0393712;56.388;-5.6566
3;77.5521;294.447;0.0377026;-0.0301059;58.244;-3.30808
3;77.8552;294.432;0.0336896;-0.0294992;58.4576;-2.8092
3;80.4387;294.078;0.0406464;-0.0357627;52.0706;-7.14255
3;86.2275;293.14;0.0325205;-0.030978;57.621;-9.32901
3;87.2938;293.004;0.0403363;-0.0301314;54.1809;-6.91219
3;88.7022;292.822;0.0432639;-0.0319586;55.1183;-7.137
3;89.4879;292.73;0.0408703;-0.0386963;53.6669;-6.28804
3;90.5544;292.559;0.0298048;-0.0349582;52.6946;-8.4376
3;92.0657;292.396;0.0359826;-0.0303861;50.4834;-5.46154
3;92.2958;292.362;0.0325005;-0.0300423;48.2631;-7.15341
3;108.193;295.119;0.0335263;-0.0351733;72.1352;12.5107
3;110.118;295.18;0.0351366;-0.0414951;63.4996;2.03008
3;112.219;295.398;0.0315997;-0.0384858;70.7785;7.31718
3;112.89;295.416;0.0356349;-0.0328308;62.5398;1.71761
3;118.567;294.849;0.0313422;-0.0422024;56.9673;-5.68555
3;118.837;294.817;0.0330724;-0.0421333;54.8941;-6.4899
3;119.131;294.794;0.0341651;-0.0402899;59.0193;-4.67828
3;119.443;294.779;0.0324033;-0.041281;62.6791;-3.0778
3;124.806;294.257;0.0418751;-0.0306436;62.5386;-6.08928
3;127.638;293.924;0.0371457;-0.0303232;63.2657;-7.43754
3;127.95;293.884;0.0314534;-0.0361081;62.1231;-7.87559
3;128.235;293.841;0.027404;-0.0346158;60.4487;-9.0848
3;128.536;293.789;0.0302295;-0.0367633;59.0212;-10.2176
3;128.823;293.734;0.0250179;-0.0333957;57.6168;-11.1496
3;129.098;293.675;0.0302454;-0.0336629;56.4886;-11.9981
3;129.392;293.618;0.0287513;-0.0388747;58.0889;-11.3056
3;129.392;293.618;0.0287513;-0.0388747;58.0889;-11.3056
3;130.244;293.463;0.0330496;-0.0294552;56.7114;-10.3231
3;130.522;293.412;0.0323373;-0.0314445;55.4934;-10.173
3;130.807;293.359;0.0299762;-0.0320724;54.3437;-10.0454
3;131.095;293.304;0.032349;-0.032905;56.255;-10.7736
3;131.358;293.252;0.0307686;-0.0360436;57.9356;-11.4939
3;131.66;293.191;0.0290175;-0.0312747;59.4032;-12.0245
3;131.974;293.136;0.0295009;-0.0366611;58.7583;-10.2541
3;132.272;293.092;0.0273708;-0.0353919;58.2484;-8.64655
3;132.539;293.059;0.0296476;-0.0359818;57.854;-7.21993
3;132.821;293.02;0.030058;-0.0336821;55.9543;-7.66752
3;133.085;292.981;0.0301242;-0.0302325;54.2578;-7.97447
3;133.353;292.939;0.0323193;-0.031763;52.8045;-8.27741
3;133.614;292.9;0.0329785;-0.0334213;52.0924;-7.84643
3;133.878;292.861;0.0379824;-0.0355916;51.5796;-7.50537
3;134.15;292.824;0.0363391;-0.030234;51.1339;-7.08289
3;134.4;292.79;0.0376489;-0.0308407;50.7145;-6.7054
3;134.653;292.763;0.0337384;-0.0305324;53.247;-5.80681
3;134.925;292.737;0.0337285;-0.038321;55.5237;-5.19469
3;135.211;292.714;0.0337768;-0.0429714;57.5708;-4.74308
3;138.467;292.178;0.0347685;-0.0272374;53.8467;-8.85666
3;142.712;291.79;0.030795;-0.0321957;60.7945;-5.56714
3;143.705;291.827;0.0274323;-0.0319031;64.9837;2.455
3;149.347;290.676;0.0238529;-0.0310076;70.2869;-14.3459
3;165.223;287.19;0.0372959;-0.0214153;81.3517;-17.8622
3;199.346;279.692;0.0304022;-0.0282033;100.264;-22.0308
3;206.323;277.554;0.0304114;-0.0408642;93.0788;-28.5256
3;213.298;276.147;0.0353972;-0.0381994;98.9361;-19.9477
3;232.984;273.867;0.0322028;-0.0378474;112.578;-13.0412
3;255.059;270.12;0.0235118;-0.032937;93.7614;-15.9161
3;273.74;267.327;0.030248;-0.0330504;95.6783;-14.3056
3;283.253;266.288;0.0339821;-0.032596;99.6962;-10.8882
3;290.409;265.214;0.0301523;-0.0308998;95.6601;-14.3536
3;330.916;259.485;0.0281335;-0.0287454;110.769;-15.6647
3;357.936;256.195;0.0224978;-0.0461814;125.371;-15.2668
3;367.011;255.226;0.0170393;-0.0418234;130.022;-13.8824
3;376.213;254.05;0.0231324;-0.0317741;130.83;-16.7269
3;379.489;253.65;0.0250552;-0.035328;129.592;-15.8174
3;380.081;253.573;0.0303392;-0.0344127;128.567;-16.64
3;381.337;253.394;0.0318355;-0.0380487;126.793;-18.1047
3;382.696;253.232;0.0288995;-0.0341253;132.48;-15.819
3;383.367;253.159;0.0315058;-0.0281876;134.925;-14.6619
3;384.058;253.085;0.0295376;-0.0270568;132.522;-14.1211
3;384.707;253.017;0.0321732;-0.0304665;130.425;-13.7267
3;386.592;252.811;0.0230418;-0.0347671;128.862;-14.0443
3;391.724;252.112;0.0265361;-0.0349591;127.591;-17.3906
3;392.409;252.017;0.0258972;-0.0320387;126.973;-17.6194
3;392.977;251.937;0.0279722;-0.0333423;126.464;-17.8493
3;396.903;251.364;0.0230357;-0.0294416;130.515;-19.0483
3;397.553;251.269;0.0218364;-0.0304537;130.522;-18.9482
3;398.207;251.174;0.0170178;-0.0357619;129.098;-18.7985
3;402.2;250.623;0.0231682;-0.0363667;131.738;-18.1873
3;402.837;250.529;0.0230822;-0.0373845;133.131;-19.6931
3;403.49;250.426;0.0225001;-0.037612;134.373;-21.0267
3;404.197;250.311;0.0240637;-0.0349381;135.527;-22.157
3;408.963;249.507;0.0250769;-0.0334694;134.416;-22.6712
3;409.577;249.399;0.0269061;-0.0321577;135.041;-23.6396
3;412.246;248.893;0.0107859;-0.0270157;133.484;-25.3346
3;412.958;248.757;0.0246985;-0.0294322;132.86;-25.4172
3;417.135;247.713;0.0228372;-0.0293735;140.206;-35.0198
3;417.849;247.526;0.0277744;-0.032696;142.548;-37.308
3;419.277;247.149;0.025757;-0.0363792;143.729;-37.9395
3;420.704;246.785;0.0259134;-0.0289569;142.93;-36.5098
3;423.583;246.118;0.0265748;-0.0355347;143.588;-33.2626
3;426.461;245.389;0.0325331;-0.0338947;141.744;-35.9201
3;445.435;241.468;0.0254663;-0.0337669;145.432;-30.0507
3;490.977;227.797;0.0248143;-0.0402473;149.402;-44.8488
3;501.639;224.87;0.0228682;-0.038798;151.891;-41.6918
3;505.813;223.9;0.0201083;-0.0289294;156.864;-36.4666
3;514.532;222.137;0.0180753;-0.0345251;163.058;-32.9672
3;518.473;221.228;0.0251771;-0.0351042;155.425;-35.8363
3;523.047;220.226;0.0212262;-0.0307148;153.841;-33.7258
3;527.91;218.772;0.0229894;-0.0328086;138.864;-41.4981
3;537.419;214.347;0.0236427;-0.0338525;118.695;-55.2359
3;557.987;208.791;0.0245834;-0.0340824;151.449;-40.9127
3;558.645;208.57;0.0216345;-0.0353462;146.793;-49.3988
3;570.928;195.784;0.0221871;-0.0359589;76.6109;-79.7457
3;558.952;188.423;0.0318644;-0.0321031;-74.7587;-45.9466
3;555.31;187.959;0.0284362;-0.0324356;-81.0089;-10.3351
3;554.143;187.599;0.0264328;-0.0302037;-58.0074;-17.8786
3;556.221;185.043;0.0182453;-0.0285602;37.6488;-46.2943
3;556.383;184.799;0.0210455;-0.0264929;33.3799;-50.3491
3;557.456;183.642;0.0269369;-0.0346831;42.1527;-45.4319
3;557.986;193.477;0.0301759;-0.0298548;5.86727;109.021
3;593.626;242.879;0.0235766;-0.0303654;106.335;147.397
3;545.224;256.681;0.0326641;-0.023987;-197.411;56.2894
3;544.259;256.998;0.0374423;-0.026624;-192.696;63.2987
3;543.369;257.278;0.036846;-0.0250736;-166.582;52.5027
3;542.472;255.454;0.0260295;-0.0307094;-19.6619;-40.0149
3;-1810.69;13181;0;-0;11.2749;-61.9317
3;-1810.69;13181;0;-0;11.2749;-61.9317
3;-1810.69;13181;0;-0;29.7245;-56.2004
3;-1810.69;13181;0;-0;96.7905;-35.5426
3;-1810.69;13181;0;-0;106.277;-32.6816
3;-1810.69;13181;0;-0;114.892;-30.0988
3;-1810.69;13181;0;-0;122.59;-27.7756
3;-1810.69;13181;0;-0;129.616;-25.7067
3;-1810.69;13181;0;-0;162.52;-47.6927
3;-1810.69;13181;0;-0;162.148;-47.5393
3;-1810.69;13181;0;-0;141.581;-14.7626
3;-1810.69;13181;0;-0;141.012;-14.6343
3;-1810.69;13181;0;-0;140.42;-14.5202
3;-1810.69;13181;0;-0;139.868;-14.314
3;-1810.69;13181;0;-0;138.093;-13.3333
3;-1810.69;13181;0;-0;134.614;-20.1242
3;-1810.69;13181;0;-0;130.838;-21.8483
3;-1810.69;13181;0;-0;130.838;-21.8483
3;-1810.69;13181;0;-0;138.848;1.33912
3;-1810.69;13181;0;-0;144.477;-36.6992
3;-1810.69;13181;0;-0;146.925;-52.7587
3;-1810.69;13181;0;-0;151.161;-45.2464
3;-1810.69;13181;0;-0;152.067;-35.791
3;-1810.69;13181;0;-0;152.733;-27.2797
3;-1810.69;13181;0;-0;159.542;-15.0609
3;-1810.69;13181;0;-0;165.636;-4.15837
3;-1810.69;13181;0;-0;151.27;-8.91725
3;-1810.69;13181;0;-0;142.906;-15.1339
3;-1810.69;13181;0;-0;198.339;-12.449
3;-1810.69;13181;0;-0;212.261;-31.9514
3;-1810.69;13181;0;-0;211.429;-31.808
3;-1810.69;13181;0;-0;210.458;-31.708
3;-1810.69;13181;0;-0;209.475;-31.6222
3;-1810.69;13181;0;-0;207.698;-31.3819
3;-1810.69;13181;0;-0;185.797;-4.05479
3;-1810.69;13181;0;-0;125.295;14.6501
3;-1810.69;13181;0;-0;97.1441;77.8952
3;-1810.69;13181;0;-0;96.5916;77.8594
3;-1810.69;13181;0;-0;135.977;125.906
3;-1810.69;13181;0;-0;135.451;125.935
3;-1810.69;13181;0;-0;134.892;125.807
3;-1810.69;13181;0;-0;134.892;125.807
3;-1810.69;13181;0;-0;132.502;125.626
3;-1810.69;13181;0;-0;131.968;125.665
3;-1810.69;13181;0;-0;106.815;149.052
3;-1810.69;13181;0;-0;126.435;123.703
3;-1810.69;13181;0;-0;96.7866;101.381
3;-1810.69;13181;0;-0;96.0846;101.405
3;-1810.69;13181;0;-0;142.298;88.5599
3;-1810.69;13181;0;-0;141.688;88.5854
3;-1810.69;13181;0;-0;135.661;75.5569
3;-1810.69;13181;0;-0;131.363;63.9282
3;-1810.69;13181;0;-0;131.363;63.9282
3;-1810.69;13181;0;-0;127.404;53.4981
3;-1810.69;13181;0;-0;117.98;39.2508
3;-1810.69;13181;0;-0;112.684;34.9426
3;-1810.69;13181;0;-0;107.964;31.0516
3;-1810.69;13181;0;-0;102.591;36.9066
3;-1810.69;13181;0;-0;100.7;42.4326
3;-1810.69;13181;0;-0;100.204;42.5581
3;-1810.69;13181;0;-0;98.1058;35.6184
3;-1810.69;13181;0;-0;96.339;29.4554
3;-1810.69;13181;0;-0;70.4897;8.37108
3;-1810.69;13181;0;-0;70.4311;7.39872
3;-1810.69;13181;0;-0;76.9661;-7.75007
3;-1810.69;13181;0;-0;78.7719;-11.8604
3;-1810.69;13181;0;-0;80.4499;-15.5822
3;-1810.69;13181;0;-0;78.7785;-19.0614
3;-1810.69;13181;0;-0;77.1313;-22.2907
3;-1810.69;13181;0;-0;75.5924;-25.195
3;-1810.69;13181;0;-0;74.0728;-27.7878
3;-1810.69;13181;0;-0;72.7269;-30.0791
3;-1810.69;13181;0;-0;71.0997;-35.275
3;-1810.69;13181;0;-0;69.6376;-39.9511
3;-1810.69;13181;0;-0;68.4148;-44.1243
3;-1810.69;13181;0;-0;10.4478;-58.7451
3;-1810.69;13181;0;-0;19.4133;-61.2625
3;-1810.69;13181;0;-0;27.4369;-63.5993
3;-1810.69;13181;0;-0;27.031;-63.1922
3;-1810.69;13181;0;-0;27.0097;-63.3369
3;-1810.69;13181;0;-0;26.6785;-63.1907
3;-1810.69;13181;0;-0;26.3665;-63.1768
3;-1810.69;13181;0;-0;25.5888;-63.1178
3;-1810.69;13181;0;-0;25.2119;-63.116
3;-1810.69;13181;0;-0;24.9557;-62.9487
3;-1810.69;13181;0;-0;24.7884;-62.7221
3;-1810.69;13181;0;-0;24.5481;-62.36
3;-1810.69;13181;0;-0;23.4866;-60.2146
3;-1810.69;13181;0;-0;23.0415;-59.6577
3;-1810.69;13181;0;-0;22.7113;-59.3403
3;-1810.69;13181;0;-0;22.4376;-59.2274
3;-1810.69;13181;0;-0;22.4376;-59.2274
3;-1810.69;13181;0;-0;22.0374;-59.0277
3;-1810.69;13181;0;-0;21.7745;-58.7836
3;-1810.69;13181;0;-0;21.4761;-58.6999
3;-1810.69;13181;0;-0;37.094;-70.3549
3;-1810.69;13181;0;-0;51.2599;-80.9156
3;-1810.69;13181;0;-0;51.2599;-80.9156
3;-1810.69;13181;0;-0;63.7374;-90.2731
3;-1810.69;13181;0;-0;77.8225;-91.3842
3;-1810.69;13181;0;-0;90.3242;-92.1942
3;-1810.69;13181;0;-0;101.659;-92.9827
3;-1810.69;13181;0;-0;111.884;-93.5962
3;-1810.69;13181;0;-0;121.118;-94.0763
3;-1810.69;13181;0.0243098;-0.031152;121.118;-94.0763
3;-1810.04;13180.6;0.0244706;-0.0299822;129.429;-94.4501
3;-1809.36;13180.1;0.0175947;-0.0272444;136.737;-94.7025
3;-1808.61;13179.6;0.017603;-0.0314201;139.314;-95.6573
3;-1807.85;13179.1;0.0179036;-0.0278195;141.706;-96.4584
3;-1807.21;13178.6;0.0233392;-0.0279693;143.977;-97.2002
3;-1806.48;13178.1;0.025796;-0.0273404;146.079;-97.8639
9;-1805.71;13177.6;0.0306232;-0.0283548;148.072;-98.5197
9;-1805;13177.2;0.0260187;-0.0326451;149.827;-99.2642
9;-1804.22;13176.7;0.0232533;-0.0313506;158.569;-91.3389
9;-1804.22;13176.7;0.0232533;-0.0313506;158.569;-91.3389
9;-1803.38;13176.3;0.0233668;-0.0331039;166.441;-84.2705
9;-1799.73;13174.9;0.0217409;-0.0342127;180.304;-67.1159
9;-1794.75;13173.7;0.0194521;-0.0346883;194.613;-49.64
9;-1791.82;13173.1;0.0132351;-0.0424744;205.512;-38.7023
9;-1789.84;13172.4;0.0116477;-0.0473517;198.186;-74.4644
9;-1787.86;13171.5;0.00890294;-0.0447562;194.481;-84.6134
9;-1781.62;13168.5;0.0283807;-0.0445782;156.26;-76.0687
9;-1780.87;13168;0.023005;-0.05902;141.558;-80.7115
9;-1778.62;13166.3;0.0198486;-0.0359226;114.312;-90.3341
9;-1777.54;13165.3;0.0153394;-0.0375327;107.931;-91.4663
9;-1775.03;13161.8;0.0155631;-0.0370897;71.5493;-100.159
9;-1773.37;13156.8;0.0194622;-0.0374701;36.8297;-111.904
9;-1773.21;13156.2;0.0229512;-0.0307644;31.7928;-114.289
9;-1773.25;13151.2;0.0189101;-0.0434199;-1.00483;-124.826
9;-1773.25;13150.6;0.0181408;-0.0455195;-0.96922;-122.556
9;-1773.25;13150;0.0191508;-0.0482204;-0.765119;-120.693
9;-1773.26;13149.4;0.0281756;-0.0379274;-0.418384;-118.783
9;-1773.31;13148.2;0.024585;-0.0326656;-5.52778;-119.275
9;-1773.35;13147.6;0.0118991;-0.0351693;-8.14913;-119.557
9;-1773.41;13147;0.013006;-0.041864;-11.3659;-125.149
9;-1773.77;13144.3;0.0137414;-0.0424336;-17.9704;-132.645
9;-1773.86;13143.6;0.0246294;-0.0357239;-18.3722;-131.421
9;-1773.96;13143;0.0138917;-0.0376046;-19.3667;-130.437
9;-1774.08;13142.4;0.0128495;-0.0381081;-23.5336;-129.854
9;-1774.21;13141.7;0.0247319;-0.0362417;-27.3481;-129.382
9;-1774.21;13141.7;0.0247319;-0.0362417;-27.3481;-129.382
9;-1774.36;13141.1;0.0115874;-0.043198;-30.5788;-129.111
9;-1774.64;13139.6;0.0154281;-0.0397186;-26.091;-137.297
9;-1775.56;13134.5;0.016204;-0.040866;-26.2736;-145.677
9;-1775.68;13133.8;0.0251926;-0.0357759;-26.3292;-147.152
9;-1775.81;13133.1;0.0165521;-0.0398624;-26.8691;-148.663
9;-1776.41;13129.9;0.0294071;-0.0300377;-29.3651;-158.149
9;-1776.56;13129.1;0.0138726;-0.0366786;-32.0089;-158.131
9;-1776.85;13127.7;0.0222308;-0.0339662;-31.7875;-158.454
9;-1777.05;13126.7;0.0272975;-0.0362706;-31.1305;-158.794
9;-1777.36;13125.1;0.0192101;-0.0327835;-30.8905;-159.497
9;-1777.51;13124.3;-0.00254946;-0.0391058;-31.6342;-159.96
9;-1777.67;13123.5;0.0218127;-0.0363277;-32.0125;-160.877
9;-1777.83;13122.7;0.0265857;-0.0431611;-32.0969;-161.82
9;-1778;13121.9;0.0188722;-0.0421314;-32.415;-162.625
9;-1778.15;13121.1;0.0262733;-0.0381813;-32.1526;-163.299
9;-1778.15;13121.1;0.0262733;-0.0381813;-32.1526;-163.299
9;-1778.31;13120.3;0.00569116;-0.0351062;-32.6855;-163.902
9;-1778.48;13119.5;0.0253773;-0.0352487;-32.6417;-164.423
9;-1778.64;13118.6;0.0301513;-0.0361973;-32.333;-164.863
9;-1779.06;13116.9;0.0327124;-0.0392195;-42.0607;-167.492
9;-1779.31;13116.1;0.0214777;-0.0360832;-51.2542;-169.424
9;-1779.63;13115.2;0.0185936;-0.0396938;-59.5989;-171.285
9;-1779.97;13114.3;0.0223421;-0.0342174;-66.7456;-172.752
9;-1780.27;13113.5;0.0183373;-0.0377366;-63.6783;-175.048
9;-1780.27;13113.5;0.0183373;-0.0377366;-63.6783;-175.048
9;-1780.57;13112.6;0.0223047;-0.0349616;-60.736;-176.999
9;-1780.86;13111.7;0.0211552;-0.0372856;-58.3199;-178.84
9;-1781.16;13110.8;0.016909;-0.047145;-56.2922;-180.827
9;-1781.92;13107.9;0.0190318;-0.0409413;-49.8253;-185.902
9;-1782.16;13107.1;0.0233966;-0.0378675;-51.2281;-187.228
9;-1782.41;13106.1;0.0133814;-0.0438097;-52.5828;-188.576
9;-1782.41;13106.1;0.0133814;-0.0438097;-52.5828;-188.576
9;-1782.67;13105.2;0.0251452;-0.0373064;-51.9146;-191.892
9;-1782.93;13104.2;0.0160704;-0.0381616;-51.5342;-194.848
9;-1783.96;13100.4;0.0294374;-0.0350777;-50.8499;-187.546
9;-1784.23;13099.4;0.0192553;-0.0369597;-51.6125;-188.371
9;-1785.02;13096.6;0.0174591;-0.0378258;-52.6042;-190.909
9;-1786.12;13092.6;0.021038;-0.0295495;-53.9874;-194.308
9;-1786.37;13091.7;0.0222284;-0.0322681;-55.7378;-194.925
9;-1786.63;13090.8;0.0198123;-0.0305806;-54.5291;-197.739
9;-1788.5;13083.7;0.0292432;-0.026587;-52.5138;-199.948
9;-1788.74;13082.8;0.0288649;-0.0282091;-54.3128;-200.988
9;-1789.02;13081.8;0.0348746;-0.0309849;-55.6195;-201.989
9;-1789.27;13080.8;0.037342;-0.0358173;-51.2174;-201.252
9;-1789.51;13079.8;0.0363473;-0.0330857;-47.3912;-200.539
9;-1789.74;13078.7;0.0372169;-0.0295335;-43.7763;-199.697
9;-1789.99;13077.8;0.0265256;-0.0251443;-52.1861;-198.733
9;-1790.32;13076.7;0.0291507;-0.0256681;-59.6201;-197.769
9;-1790.65;13075.7;0.0323873;-0.0244005;-66.2786;-196.825
9;-1790.96;13074.8;0.0329135;-0.0253419;-68.0833;-196.051
9;-1791.3;13073.8;0.0413454;-0.0232953;-69.332;-195.275
9;-1791.66;13072.8;0.0319812;-0.0253681;-71.0508;-194.718
9;-1791.66;13072.8;0.0319812;-0.0253681;-71.0508;-194.718
9;-1791.66;13072.8;0.0319812;-0.0253681;-71.0508;-194.718
9;-1792.02;13071.9;0.0357568;-0.0301377;-72.4269;-194.351
9;-1792.39;13070.9;0.0333919;-0.03194;-73.8562;-194.022
9;-1792.88;13069.9;0.0325014;-0.0340567;-92.1042;-188.164
9;-1793.45;13069;0.0390621;-0.0316676;-108.153;-182.7
9;-1794.05;13068.1;0.0335006;-0.0336261;-123.093;-177.99
9;-1795.47;13066.5;0.0382369;-0.0367717;-148.17;-170.052
9;-1796.96;13064.8;0.0447114;-0.0309912;-147.03;-161.571
9;-1797.65;13064;0.0385198;-0.0272417;-136.67;-156.786
9;-1798.27;13063.3;0.0418147;-0.0242506;-127.001;-152.263
9;-1800.2;13060.6;0.022782;-0.0308345;-96.524;-135.322
9;-1801.05;13059.3;0.0179592;-0.0369004;-85.8024;-129.705
9;-1802.38;13056.2;0.0249357;-0.0335195;-52.3398;-120.588
9;-1802.48;13054.7;0.0220989;-0.0372231;-7.06024;-101.678
9;-1802.46;13054.2;0.0321988;-0.0330644;5.44723;-96.6807
9;-1799.66;13048.6;0.0262135;-0.047825;55.5271;-111.747
9;-1798.48;13045.6;0.0227442;-0.0411567;47.707;-124.16
9;-1798.17;13044.9;0.0165073;-0.0393257;58.3349;-126.586
9;-1796.89;13042.8;0.0273394;-0.0206859;84.3605;-134.081
9;-1795.1;13039;0.0356588;-0.0383958;60.6032;-128.585
9;-1794.84;13038.4;0.0404721;-0.0395345;47.6506;-124.087
9;-1793.73;13035.7;0.0370321;-0.0291825;56.3642;-137.371
9;-1792.26;13031.4;0.0348588;-0.0306442;36.7369;-105.128
9;-1796.15;13028;0.0322073;-0.0305015;-70.0378;-61.3596
9;-1796.56;13027.7;0.0325594;-0.0211394;-80.2525;-64.3278
2;-1796.56;13027.7;-0.0966562;0.0790078;0;-0
2;-1796.56;13027.7;0.101729;0.0603032;0;-0
2;-1796.56;13027.7;0.140761;0.117666;0;-0
2;-1796.56;13027.7;0.109569;0.0714422;0;-0
2;-1796.56;13027.7;0.0590055;-0.0333335;0;-0
2;-1796.56;13027.7;0.0465525;-0.0317464;0;-0
2;-1796.56;13027.7;0.0399893;-0.0339564;0;-0
2;-1796.56;13027.7;0.0372113;-0.0362888;0;-0
2;-1796.56;13027.7;0.0418807;-0.0382932;0;-0
2;-1796.56;13027.7;0.0397967;-0.0380848;0;-0
2;-1796.56;13027.7;0.0453677;-0.0308106;0;-0
2;-1796.56;13027.7;0.0492563;-0.0314654;0;-0
2;-1796.56;13027.7;0.0486284;-0.0316809;0;-0
2;-1796.56;13027.7;0.044641;-0.0340966;0;-0
2;-1796.56;13027.7;0.0309842;-0.0394639;0;-0
2;-1796.56;13027.7;0.0309229;-0.0394857;0;-0
2;-1796.56;13027.7;0.0310502;-0.0394906;0;-0
2;-1796.56;13027.7;0.0310871;-0.03923;0;-0
2;-1796.56;13027.7;0.031123;-0.0391954;0;-0
2;-1796.56;13027.7;0.0311556;-0.0391999;0;-0
2;-1796.56;13027.7;0.0311736;-0.0392211;0;-0
2;-1796.56;13027.7;0.031103;-0.0393959;0;-0
2;-1796.56;13027.7;0.0310974;-0.0378183;0;-0
2;-1796.56;13027.7;0.0310921;-0.0359273;0;-0
2;-1796.56;13027.7;0.0310594;-0.0324196;0;-0
2;-1796.56;13027.7;0.0309996;-0.0392878;0;-0
2;-1796.56;13027.7;0.0310257;-0.0392151;0;-0
2;-1796.56;13027.7;0.0310627;-0.0394456;0;-0
2;-1796.56;13027.7;0.0310961;-0.0394529;0;-0
2;-1796.56;13027.7;0.0310842;-0.039271;0;-0
2;-1796.56;13027.7;0.031115;-0.0392203;0;-0
2;-1796.56;13027.7;0.0311311;-0.0392731;0;-0
2;-1796.56;13027.7;0.031127;-0.0392926;0;-0
